formula,en,Tc,hf,mass,Ref.
AcAlH8,2.031,100,0.8,31.4958,doi.org/10.1088/1361-648X/ac9bba
AcB2H14,2.1165,42,0.8235,17.6176,doi.org/10.1103/PhysRevB.110.064105
AcB2H6,2.0422,1,0.6667,41.1078,doi.org/10.1039/D3CP02099A
AcB2H8,2.0709,19.22,0.7273,30.8309,doi.org/10.1088/1674-1056/ad7c31
AcB2H8,2.0709,99,0.7273,30.8309,doi.org/10.1039/D3CP02099A
AcB2H8,2.0709,85,0.7273,30.8309,doi.org/10.1039/D3CP02099A
AcBe2H10,2.0185,115,0.7692,24.308,doi.org/10.1103/PhysRevB.109.014501
AcBe2H12,2.0427,78,0.8,20.2566,doi.org/10.1103/PhysRevB.109.014501
AcBe2H14,2.0612,42,0.8235,17.3628,doi.org/10.1103/PhysRevB.109.014501
AcBe2H16,2.0758,150,0.8421,15.1925,doi.org/10.1103/PhysRevB.109.014501
AcBeH10,2.0558,165,0.8333,23.4139,doi.org/10.1103/PhysRevB.109.014501
AcBeH8,2.027,181,0.8,29.2659,doi.org/10.1103/PhysRevB.109.014501
AcBeH8,2.027,118,0.8,29.2674,doi.org/10.1103/PhysRevB.109.014501
AcBeH8,2.027,75,0.8,29.2674,doi.org/10.1103/PhysRevB.109.014501
AcBH16,2.13,39,0.8889,14.7452,doi.org/10.1103/PhysRevB.110.064105
AcBH3,1.948,7,0.6,78.6409,doi.org/10.1039/D3CP02099A
AcBH3,1.948,20,0.6,78.6409,doi.org/10.1039/D3CP02099A
AcBH4,1.99,0,0.6667,58.9807,doi.org/10.1039/D3CP02099A
AcBH5,2.02,30,0.7143,47.1845,doi.org/10.1039/D3CP02099A
AcBH7,2.06,122,0.7778,33.7032,doi.org/10.1103/PhysRevB.110.064105
AcBH7,2.06,122,0.7778,33.7032,doi.org/10.1103/PhysRevB.110.064105
AcBH7,2.06,43,0.7778,33.7032,doi.org/10.1103/PhysRevB.110.064105
AcBH8,2.074,127,0.8,29.4903,doi.org/10.1088/1361-648X/ac9bba
AcBH8,2.074,140,0.8,29.4903,doi.org/10.1039/D3CP02099A
AcBH8,2.074,46,0.8,29.4903,doi.org/10.1103/PhysRevB.110.064105
AcBH8,2.074,108,0.8,29.4903,doi.org/10.1039/D3CP02099A
AcBH8,2.074,93,0.8,29.4903,doi.org/10.1039/D3CP02099A
AcBH8,2.074,43,0.8,29.4903,doi.org/10.1103/PhysRevB.110.064105
AcGeH8,2.071,201,0.8,37.1565,doi.org/10.1088/1361-648X/ac9bba
AcSiH8,2.06,182,0.8,31.6326,doi.org/10.1088/1361-648X/ac9bba
AcTh2H18,2.0619,203,0.8571,38.0886,doi.org/10.1103/PhysRevB.109.224505
AcTh3H24,2.0643,201,0.8571,38.1581,doi.org/10.1103/PhysRevB.109.224505
AcThH12,2.0571,240,0.8571,37.9497,doi.org/10.1103/PhysRevB.109.224505
AgMg3H,1.612,8,0.2,179.3502,doi.org/10.1103/PhysRevLett.132.166001
AgN2H8,2.3282,52,0.7273,16.8507,doi.org/10.1063/5.0127365
AgN2H8,2.3282,54.92,0.7273,16.8507,doi.org/10.1063/5.0127365
Al2B2H,1.9,52.64,0.2,74.9841,doi.org/10.1103/PhysRevMaterials.7.114802
Al2MnH6,1.9967,43.9,0.6667,18.0063,doi.org/10.1002/adfm.202404043
Al2MnH6,1.9967,66,0.6667,18.0063,doi.org/10.1016/j.mtphys.2024.101374
Al2ReH6,2.0356,36.4,0.6667,39.7113,doi.org/10.1002/adfm.202404043
Al2TcH6,2.0356,43.1,0.6667,25.1263,doi.org/10.1002/adfm.202404043
AlC2H8,2.21,67,0.7273,6.3249,doi.org/10.1103/PhysRevB.105.104511
AlHfH6,2.0138,76,0.75,33.9735,doi.org/10.1063/5.0159590
AlHgH3,2.042,28.4,0.6,75.2553,doi.org/10.1002/adfm.202404043
AlN2H8,2.2991,72,0.7273,6.8199,doi.org/10.1063/5.0127365
AlN2H8,2.2991,118,0.7273,6.8199,doi.org/10.1063/5.0127365
AlScH6,2.0213,42,0.75,11.8945,doi.org/10.1063/5.0159590
AlScH6,2.0213,32,0.75,11.8945,doi.org/10.1063/5.0159590
AlSiH6,2.0888,22.5,0.75,9.105,doi.org/10.1103/PhysRevB.96.144518
AlTiH6,2.0438,36,0.75,12.3758,doi.org/10.1063/5.0159590
AlYH6,2.0038,52,0.75,19.1614,doi.org/10.1063/5.0159590
AlZrH6,2.0175,75,0.75,19.5446,doi.org/10.1063/5.0159590
AlZrH6,2.0175,37,0.75,19.5446,doi.org/10.1021/acsomega.2c02447
ArSH3,2.476,22,0.6,23.8128,doi.org/10.1007/s11467-018-0818-7
Au2NaH6,2.1344,89,0.6667,68.9368,doi.org/10.1103/PhysRevLett.132.166001
AuNa3H,1.506,4,0.2,263.8294,doi.org/10.1103/PhysRevLett.132.166001
Ba(AuH2)2,2.11,30,0.5714,131.7634,doi.org/10.1021/jacs.7b04456
BaC2H8,2.1445,6.4,0.7273,20.0089,doi.org/10.1021/acsaelm.1c00617
BaC2H8,2.1445,16.2,0.7273,20.0089,doi.org/10.1021/acsaelm.1c00617
BaC3H12,2.1838,10.6,0.75,14.3323,doi.org/10.1021/acsaelm.1c00617
BaC3H12,2.1838,43.7,0.75,14.3323,doi.org/10.1021/acsaelm.1c00617
BaMgH3,1.76,36,0.6,53.4507,doi.org/10.1103/PhysRevLett.132.166001
BaPH8,2.068,154,0.8,20.871,doi.org/10.1088/1361-648X/ac9bba
BaReH9,2.0536,7,0.8182,35.6636,doi.org/10.1021/acs.jpcc.5b03709
BaSH3,2.014,42.3,0.6,56.0152,doi.org/10.1016/j.cjph.2024.02.025
BaSH3,2.014,33.5,0.6,56.0152,doi.org/10.1016/j.cjph.2024.02.025
BaSiH8,2.039,84,0.8,20.5128,doi.org/10.1038/s41524-022-00801-y
Be2SH3,2.0533,29,0.5,16.5623,doi.org/10.1039/D3TC00922J
BeCH4,2.1533,6,0.6667,5.2141,doi.org/10.1039/C9CP06008A
BeCH4,2.1533,2.9,0.6667,5.2141,doi.org/10.1039/C9CP06008A
BeCH4,2.1533,28.9,0.6667,5.2138,doi.org/10.1039/C9CP06008A
BeN2H8,2.2955,17,0.7273,4.5915,doi.org/10.1063/5.0127365
BeN2H8,2.2955,30,0.7273,4.5915,doi.org/10.1063/5.0127365
BeP2H14,2.1618,99,0.8235,5.0284,doi.org/10.1021/acs.jpclett.9b03856
BiC2H8,2.2473,39,0.7273,28.8941,doi.org/10.1038/s41524-024-01490-5
BiC2H8,2.2473,65,0.7273,28.8941,doi.org/10.1038/s41524-024-01490-5
BN2H8,2.3382,30,0.7273,4.8145,doi.org/10.1063/5.0127365
BN2H8,2.3382,57,0.7273,4.8145,doi.org/10.1063/5.0127365
BS7H24,2.1769,191,0.75,4.4531,doi.org/10.1103/PhysRevResearch.3.043102
BS7H24,2.1769,156,0.75,4.4531,doi.org/10.1103/PhysRevResearch.3.043102
C2TeH8,2.2545,151.4,0.7273,18.8023,doi.org/10.1103/PhysRevB.109.174507
Ca2AgH6,1.9033,35.9,0.6667,31.089,doi.org/10.1002/adfm.202404043
Ca2AlH12,2.0007,118,0.8,8.8573,doi.org/10.1039/D3CP03952H
Ca2B2H13,2.04,62,0.7647,7.7668,doi.org/10.1103/PhysRevB.102.014516
Ca2B2H13,2.04,89,0.7647,7.7668,doi.org/10.1103/PhysRevB.102.014516
Ca2LiH6,1.7978,33,0.6667,14.4008,doi.org/10.1002/adfm.202404043
Ca2LuH18,2.0414,232,0.8571,14.0612,doi.org/10.34133/2022/9784309
Ca2PdH6,1.9333,26,0.6667,30.8492,doi.org/10.1016/j.mtphys.2024.101374
Ca2PtH6,1.9422,20,0.6667,45.5086,doi.org/10.1016/j.mtphys.2024.101374
Ca2ScH10,1.9508,75,0.7692,12.4119,doi.org/10.1039/D3CP05086F
Ca2UH18,2.0467,65.8,0.8571,17.5367,doi.org/10.1088/1361-648X/ad1ca7
Ca2YbH18,2.0314,171,0.8571,13.9554,doi.org/10.34133/2022/9784309
Ca3LuH24,2.0382,221,0.8571,12.2025,doi.org/10.34133/2022/9784309
Ca3YbH24,2.0307,196,0.8571,12.1232,doi.org/10.34133/2022/9784309
CaAlH7,2.0011,71,0.7778,9.504,doi.org/10.1039/D3CP03952H
CaAlH7,2.0011,63,0.7778,9.504,doi.org/10.1088/1361-648X/acea4c
CaAlH7,2.0011,61,0.7778,9.504,doi.org/10.1039/D3CP03952H
CaAlH7,2.0011,47,0.7778,9.504,doi.org/10.1039/D3CP03952H
CaAlH7,2.0011,50,0.7778,9.504,doi.org/10.1088/1361-648X/acea4c
CaB3H,1.864,39.3,0.2,71.9325,10.1088/0256-307X/40/1/017402
CaB3H,1.864,7,0.2,71.9325,doi.org/10.1103/PhysRevB.102.014516
CaBeH8,2.017,302,0.8,6.0876,doi.org/10.1103/PhysRevLett.128.047001
CaBH,1.7467,0,0.3333,50.4841,doi.org/10.1103/PhysRevB.102.014516
CaBH11,2.0954,123,0.8462,4.5895,doi.org/10.1103/PhysRevB.104.174106
CaBH11,2.0954,128,0.8462,4.5895,doi.org/10.1103/PhysRevB.104.174106
CaBH2,1.86,53,0.5,25.2421,doi.org/10.1103/PhysRevB.104.174106
CaBH2,1.86,0,0.5,25.2421,doi.org/10.1103/PhysRevB.104.174106
CaBH2,1.86,91,0.5,25.2421,doi.org/10.1103/PhysRevB.104.174106
CaBH2,1.86,95,0.5,25.2421,doi.org/10.1103/PhysRevB.104.174106
CaBH5,2.0057,0,0.7143,10.0968,doi.org/10.1103/PhysRevB.102.014516
CaBH6,2.03,114,0.75,8.414,doi.org/10.1103/PhysRevB.102.014516
CaBH6,2.03,56,0.75,8.414,doi.org/10.1103/PhysRevB.104.174106
CaBH6,2.03,117,0.75,8.414,doi.org/10.1103/PhysRevB.102.014516
CaBH6,2.03,190,0.75,8.414,doi.org/10.1103/PhysRevB.104.174106
CaBH6,2.03,119,0.75,8.414,doi.org/10.1103/PhysRevB.102.014516
CaBH6,2.03,200,0.75,8.414,doi.org/10.1103/PhysRevB.104.174106
CaBH6,2.03,96,0.75,8.414,doi.org/10.1103/PhysRevB.104.174106
CaBH7,2.0489,135,0.7778,7.212,doi.org/10.1103/PhysRevB.104.174106
CaBH7,2.0489,151,0.7778,7.212,doi.org/10.1103/PhysRevB.104.174106
CaBH7,2.0489,136,0.7778,7.212,doi.org/10.1103/PhysRevB.104.174106
CaBH7,2.0489,135,0.7778,7.212,doi.org/10.1103/PhysRevB.104.174106
CaBH8,2.064,238,0.8,6.3105,doi.org/10.1103/PhysRevLett.128.047001
CaBH8,2.064,55,0.8,6.3105,doi.org/10.1103/PhysRevB.104.174106
CaBH8,2.064,74,0.8,6.3105,doi.org/10.1103/PhysRevB.104.174106
CaBH8,2.064,167,0.8,6.3105,doi.org/10.1103/PhysRevB.104.174106
CaBH8,2.064,162,0.8,6.3105,doi.org/10.1103/PhysRevB.104.174106
CaBH9,2.0764,0,0.8182,5.6093,doi.org/10.1103/PhysRevB.104.174106
CaBH9,2.0764,2,0.8182,5.6093,doi.org/10.1103/PhysRevB.104.174106
CaCH5,2.0786,50,0.7143,10.3351,doi.org/10.1038/s41598-022-10249-1
CaCH5,2.0786,46,0.7143,10.3351,doi.org/10.1038/s41598-022-10249-1
CaHfH12,2.05,241.1,0.8571,18.0694,doi.org/10.1016/j.mtphys.2023.101233
CaHfH12,2.05,363,0.8571,18.0694,doi.org/10.1103/PhysRevB.107.L020504
CaHfH18,2.095,338,0.9,12.0463,doi.org/10.1103/PhysRevB.107.L020504
CaLaH12,2.0357,49.5,0.8571,14.7973,doi.org/10.1088/1361-648X/ac79ed
CaLaH12,2.0357,46.6,0.8571,14.7973,doi.org/10.1088/1361-648X/ac79ed
CaLaH12,2.0357,140.3,0.8571,14.7973,doi.org/10.1088/1361-648X/ac79ed
CaLaH12,2.0357,125.4,0.8571,14.7973,doi.org/10.1088/1361-648X/ac79ed
CaLaH12,2.0357,125,0.8571,14.7973,doi.org/10.1088/1361-648X/ac79ed
CaLaH12,2.0357,130.2,0.8571,14.7973,doi.org/10.1088/1361-648X/ac79ed
CaLaH4,1.8167,0.78,0.6667,44.3919,doi.org/10.1088/1361-648X/ac79ed
CaLaH4,1.8167,0.84,0.6667,44.3919,doi.org/10.1088/1361-648X/ac79ed
CaLaH4,1.8167,0.36,0.6667,44.3919,doi.org/10.1088/1361-648X/ac79ed
CaLaH7,1.9444,41.8,0.7778,25.3668,doi.org/10.1088/1361-648X/ac79ed
CaLaH8,1.97,43.4,0.8,22.1959,doi.org/10.1088/1361-648X/ac79ed
CaLu2H18,2.0543,299,0.8571,21.4957,doi.org/10.34133/2022/9784309
CaLu3H24,2.0575,255,0.8571,23.3543,doi.org/10.34133/2022/9784309
CaLuH12,2.0479,238.7,0.8571,17.7784,doi.org/10.1002/pssb.202400240
CaLuH12,2.0479,282,0.8571,17.7784,doi.org/10.34133/2022/9784309
CaLuH12,2.0479,294.2,0.8571,17.7784,doi.org/10.1002/pssb.202400240
CaN2H8,2.2436,51,0.7273,8.4439,doi.org/10.1063/5.0127365
CaN2H8,2.2436,104,0.7273,8.4439,doi.org/10.1063/5.0127365
CaSbH6,2.0313,65,0.75,26.7589,doi.org/10.1016/j.mtphys.2023.101086
CaSbH6,2.0313,19,0.75,26.7589,doi.org/10.1016/j.mtphys.2023.101086
CaSc2H9,1.96,69,0.75,14.3287,doi.org/10.1039/D3CP05086F
CaScH12,2.0543,245.3,0.8571,7.0299,doi.org/10.1002/pssb.202400240
CaScH12,2.0543,173,0.8571,7.0299,doi.org/10.1039/D3CP05086F
CaScH6,1.945,60,0.75,14.0599,doi.org/10.1039/D3CP05086F
CaSH3,2.036,101,0.6,23.8552,doi.org/10.1021/acs.jpclett.0c02299
CaSH3,2.036,91,0.6,23.8552,doi.org/10.1021/acs.jpclett.0c02299
CaSH3,2.036,54,0.6,23.8552,doi.org/10.1021/acs.jpclett.0c02299
CaSH3,2.036,46,0.6,23.8552,doi.org/10.1021/acs.jpclett.0c02299
CaSH3,2.036,42,0.6,23.8552,doi.org/10.1021/acs.jpclett.0c02299
CaSnH6,2.02,53,0.75,26.2546,doi.org/10.1016/j.mtphys.2023.101086
CaSnH6,2.02,25,0.75,26.2546,doi.org/10.1016/j.mtphys.2023.101086
CaU3H32,2.0983,50.1,0.8889,23.3807,doi.org/10.1088/1361-648X/ad1ca7
CaUH12,2.0557,58.6,0.8571,22.9917,doi.org/10.1088/1361-648X/ad1ca7
CaUH12,2.0557,31.4,0.8571,22.9917,doi.org/10.1088/1361-648X/ad1ca7
CaYb2H18,2.0343,138,0.8571,21.2841,doi.org/10.34133/2022/9784309
CaYb3H24,2.035,151,0.8571,23.1162,doi.org/10.34133/2022/9784309
CaYbH12,2.0329,176.5,0.8571,17.6197,doi.org/10.1002/pssb.202400240
CaYbH12,2.0329,176,0.8571,17.6197,doi.org/10.34133/2022/9784309
CaYbH12,2.0329,153,0.8571,17.6197,doi.org/10.34133/2022/9784309
CaYbH12,2.0329,218,0.8571,17.6197,doi.org/10.1002/pssb.202400240
CaYH12,2.0443,281.1,0.8571,10.6634,doi.org/10.1002/pssb.202400240
CaYH12,2.0329,209,0.8571,17.6197,doi.org/10.1103/PhysRevB.99.100505
CaYH12,2.0329,258,0.8571,17.6197,doi.org/10.1103/PhysRevB.99.100505
CaYH12,2.0329,215,0.8571,17.6197,doi.org/10.1103/PhysRevB.99.100505
CaYH12,2.0329,202,0.8571,17.6197,doi.org/10.1103/PhysRevB.99.100505
CaZrH12,2.0521,296,0.8571,10.855,doi.org/10.1103/PhysRevB.107.L020504
CaZrH12,2.0521,343,0.8571,10.855,doi.org/10.1103/PhysRevB.107.L020504
CaZrH18,2.0965,329,0.9,7.2367,doi.org/10.1103/PhysRevB.107.L020504
CdN2H8,2.3064,0.2,0.7273,17.4137,doi.org/10.1063/5.0127365
CdN2H8,2.3064,9,0.7273,17.4137,doi.org/10.1063/5.0127365
Ce2BH14,2.0635,64,0.8235,20.6243,doi.org/10.1039/D4TC02905D
Ce2BH16,2.0779,20,0.8421,18.0463,doi.org/10.1039/D4TC02905D
Ce2BH16,2.0779,27,0.8421,18.0463,doi.org/10.1039/D4TC02905D
CeBeH8,2.029,57,0.8,18.4936,doi.org/10.1088/1361-648X/ac9bbc
CeBeH8,2.029,31,0.8,18.4936,doi.org/10.1016/j.fmre.2022.11.010
CeBeH8,2.029,36,0.8,18.4936,doi.org/10.1088/1361-648X/ac9bbc
CeBeH8,2.029,30,0.8,18.4936,doi.org/10.1088/1361-648X/ac9bbc
CeBeH8,2.029,27,0.8,18.4936,doi.org/10.1088/1361-648X/ac9bbc
CeBeH8,2.029,198,0.8,18.4936,doi.org/10.1016/j.fmre.2022.11.010
CeBeH8,2.029,201,0.8,18.4936,doi.org/10.1088/1361-648X/ac9bba
CeBeH8,2.029,12,0.8,18.4936,doi.org/10.1088/1361-648X/ac9bbc
CeBeH8,2.029,6,0.8,18.4936,doi.org/10.1016/j.fmre.2022.11.010
CeBH6,2.045,1,0.75,24.9554,doi.org/10.1039/D4TC02905D
CeBH7,2.0622,18,0.7778,21.3903,doi.org/10.1103/PhysRevB.110.064105
CeBH8,2.076,100,0.8,18.7165,doi.org/10.1016/j.fmre.2022.11.010
CeBH8,2.076,80,0.8,18.7165,doi.org/10.1088/1361-648X/ac9bbc
CeBH8,2.076,118,0.8,18.7165,doi.org/10.1088/1361-648X/ac9bbc
CeBH8,2.076,123,0.8,18.7165,doi.org/10.1088/1361-648X/ac9bbc
CeBH8,2.076,109,0.8,18.7165,doi.org/10.1088/1361-648X/ac9bbc
CeBH8,2.076,115,0.8,18.7165,doi.org/10.1088/1361-648X/ac9bbc
CeCa3H24,2.0329,175,0.8571,10.762,doi.org/10.1016/j.physb.2023.415545
CeCa3H24,2.0329,201,0.8571,10.762,doi.org/10.1016/j.physb.2023.415545
CeCaH12,2.0371,150,0.8571,14.8973,doi.org/10.1016/j.physb.2023.415545
CeCaH12,2.0371,138,0.8571,14.8973,doi.org/10.1016/j.physb.2023.415545
CeCaH12,2.0371,125,0.8571,14.8973,doi.org/10.1016/j.physb.2023.415545
CeCaH8,1.972,90,0.8,22.346,doi.org/10.1016/j.physb.2023.415545
CeCaH8,1.972,86,0.8,22.346,doi.org/10.1016/j.physb.2023.415545
CeCaH8,1.972,84,0.8,22.346,doi.org/10.1016/j.physb.2023.415545
CeCaH8,1.972,81,0.8,22.346,doi.org/10.1016/j.physb.2023.415545
CeCaH8,1.972,80,0.8,22.346,doi.org/10.1016/j.physb.2023.415545
CeCaH8,1.972,75,0.8,22.346,doi.org/10.1016/j.physb.2023.415545
CeLuH12,2.0564,158.8,0.8571,26.0489,doi.org/10.1016/j.mtphys.2023.101233
CeSiH7,2.0467,20.7,0.7778,23.8386,doi.org/10.1103/PhysRevB.110.024513
CeThH12,2.0586,85.9,0.8571,30.767,doi.org/10.1016/j.mtphys.2023.101233
CeThH12,2.0586,77.6,0.8571,30.767,doi.org/10.1016/j.mtphys.2023.101233
ClS7H24,2.4219,168,0.75,11.5828,doi.org/10.1103/PhysRevResearch.3.043102
ClS7H24,2.4219,145,0.75,11.5828,doi.org/10.1103/PhysRevResearch.3.043102
CS2H10,2.2854,95,0.7692,7.5527,doi.org/10.1039/D1CP03270D
CS2H10,2.2854,95,0.7692,7.5527,doi.org/10.1039/D1CP03270D
CS2H10,2.2854,30,0.7692,7.5527,doi.org/10.1039/D1CP03270D
CS2H10,2.2854,155,0.7692,7.5527,doi.org/10.1039/D1CP03270D
CS2H10,2.2854,50,0.7692,7.5527,doi.org/10.1039/D1CP03270D
CS2H10,2.2854,74,0.7692,7.5527,doi.org/10.1063/5.0158303
CS2H10,2.2854,72,0.7692,7.5527,doi.org/10.1063/5.0158303
CS2H10,2.2854,76,0.7692,7.5527,doi.org/10.1063/5.0158303
CS2H11,2.2793,92,0.7857,6.8661,doi.org/10.1063/5.0158303
CS2H11,2.2793,70,0.7857,6.8661,doi.org/10.1063/5.0158303
CS2H11,2.2793,86,0.7857,6.8661,doi.org/10.1063/5.0158303
CS2H11,2.2793,71,0.7857,6.8661,doi.org/10.1063/5.0158303
CS3H13,2.2841,128,0.7647,5.1964,doi.org/10.1038/s41524-022-00769-9
CS3H13,2.2841,96,0.7647,5.1964,doi.org/10.1038/s41524-022-00769-9
CS7H24,2.2884,169,0.75,4.8006,doi.org/10.1103/PhysRevResearch.3.043102
CS7H25,2.2858,104,0.7576,4.6086,doi.org/10.1038/s41524-022-00769-9
CsB2H8,2.0427,65,0.7273,19.1629,doi.org/10.1103/PhysRevB.105.224107
CsB2H8,2.0427,149.4,0.7273,19.1629,doi.org/10.1016/j.mtphys.2024.101443
CsB2H8,2.0427,110,0.7273,19.1629,doi.org/10.1103/PhysRevB.105.224107
CsB2H8,2.0427,107,0.7273,19.1629,doi.org/10.1016/j.mtphys.2024.101443
CsB2H8,2.0427,65,0.7273,19.1629,doi.org/10.1103/PhysRevB.105.224107
CsB2H8,2.0427,110.1,0.7273,19.1629,doi.org/10.1016/j.mtphys.2024.101443
CsB2H8,2.0427,60,0.7273,19.1629,doi.org/10.1103/PhysRevB.105.224107
CsB2H8,2.0427,133.8,0.7273,19.1629,doi.org/10.1016/j.mtphys.2024.101443
CsB2H8,2.0427,108.3,0.7273,19.1629,doi.org/10.1016/j.mtphys.2024.101443
CsBH5,1.9757,83,0.7143,28.5159,doi.org/10.1103/PhysRevB.107.L180501
CsC2H8,2.1355,4.29,0.7273,19.4608,doi.org/10.1088/1674-1056/ad7c31
CsC2H8,2.1355,4.2,0.7273,19.4608,doi.org/10.1016/j.mtphys.2024.101443
CsC2H8,2.1355,7,0.7273,19.4608,doi.org/10.1016/j.mtphys.2024.101443
CsC2H8,2.1355,0,0.7273,19.4608,doi.org/10.1016/j.mtphys.2024.101443
CSeH6,2.2875,80.6,0.75,15.0433,doi.org/10.1103/PhysRevB.109.174507
CSH3,2.346,36,0.6,14.5734,doi.org/10.1103/PhysRevB.105.094108
CSH3,2.346,4,0.6,14.5734,doi.org/10.1103/PhysRevB.105.094108
CSH3,2.346,98,0.6,14.5734,doi.org/10.1103/PhysRevB.105.094108
CSH3,2.346,63,0.6,14.5734,doi.org/10.1103/PhysRevB.105.094108
CSH7,2.2811,108,0.7778,6.2457,doi.org/10.1103/PhysRevB.101.134504
CSH7,2.2811,181,0.7778,6.2457,doi.org/10.1103/PhysRevB.101.174102
CSH7,2.2811,173,0.7778,6.2457,doi.org/10.1103/PhysRevB.101.174102
CSH7,2.2811,194,0.7778,6.2457,doi.org/10.1103/PhysRevB.101.134504
CSH7,2.2811,170,0.7778,6.2457,doi.org/10.1103/PhysRevB.101.134504
CSH7,2.2811,158,0.7778,6.2457,doi.org/10.1103/PhysRevB.101.134504
CSH7,2.2811,147,0.7778,6.2459,doi.org/10.1038/s41524-022-00769-9
CSH7,2.2811,130,0.7778,6.2459,doi.org/10.1063/5.0158303
CSH7,2.2811,120,0.7778,6.2459,doi.org/10.1063/5.0158303
CsInH3,1.834,153,0.6,81.9213,doi.org/10.1002/advs.202408370
CsInH3,1.834,102,0.6,81.9213,doi.org/10.1002/advs.202408370
CsInH3,1.834,69,0.6,81.9213,doi.org/10.1002/advs.202408370
CsSH3,1.994,16.9,0.6,54.5536,doi.org/10.1016/j.cjph.2024.02.025
CsSH3,1.994,9.7,0.6,54.5536,doi.org/10.1016/j.cjph.2024.02.025
CsTlH3,1.802,163,0.6,111.5377,doi.org/10.1002/advs.202408370
CsTlH3,1.802,128,0.6,111.5377,doi.org/10.1002/advs.202408370
CsTlH3,1.802,110,0.6,111.5377,doi.org/10.1002/advs.202408370
CuN2H8,2.3255,77,0.7273,11.3542,doi.org/10.1063/5.0127365
CuN2H8,2.3255,36,0.7273,11.3542,doi.org/10.1063/5.0127365
Fe2SeH,2.1025,1.1,0.25,189.1478,doi.org/10.1021/acs.jpcc.9b06504
Fe2SeH,2.1025,3.8,0.25,189.1478,doi.org/10.1021/acs.jpcc.9b06504
Fe2SeH2,2.122,8.6,0.4,94.5739,doi.org/10.1021/acs.jpcc.9b06504
Fe2SeH2,2.122,9.1,0.4,94.5739,doi.org/10.1021/acs.jpcc.9b06504
Fe2SH3,2.14,0.3,0.5,47.5364,doi.org/10.1021/acs.inorgchem.6b01949
FeSeH,2.1933,0.2,0.3333,133.746,doi.org/10.1021/acs.jpcc.9b06504
FeSeH6,2.1975,34.4,0.75,22.291,doi.org/10.1021/acs.jpcc.9b06504
FeSeH6,2.1975,36.4,0.75,22.291,doi.org/10.1021/acs.jpcc.9b06504
FS7H24,2.6013,120,0.75,6.8223,doi.org/10.1103/PhysRevResearch.3.043102
Ga2MnH6,2.0411,43,0.6667,32.1402,doi.org/10.1016/j.mtphys.2024.101374
Ga2OsH6,2.1133,20.9,0.6667,54.5099,doi.org/10.1002/adfm.202404043
Ga2RuH6,2.1133,26.9,0.6667,39.7679,doi.org/10.1002/adfm.202404043
Ga2RuH6,2.1133,16,0.6667,39.7679,doi.org/10.1016/j.mtphys.2024.101374
GaC2H8,2.2282,35.8,0.7273,11.6251,doi.org/10.1038/s41524-024-01490-5
GaC2H8,2.2282,50,0.7273,11.6251,doi.org/10.1103/PhysRevB.105.104511
GaC2H8,2.2282,46.1,0.7273,11.6251,doi.org/10.1038/s41524-024-01490-5
GaC2H8,2.2282,43.1,0.7273,11.6251,doi.org/10.1038/s41524-024-01490-5
GaHfH6,2.0388,49,0.75,41.0405,doi.org/10.1063/5.0159590
GaScH6,2.0463,88,0.75,18.9615,doi.org/10.1063/5.0159590
GaTiH6,2.0688,39,0.75,19.4428,doi.org/10.1063/5.0159590
GaZrH6,2.0425,70,0.75,26.6116,doi.org/10.1063/5.0159590
GeAsH6,2.1738,107,0.75,24.3968,doi.org/10.1103/PhysRevB.100.174506
GeAsH6,2.1738,105,0.75,24.3968,doi.org/10.1103/PhysRevB.100.174506
GeAsH6,2.1738,76,0.75,24.3968,doi.org/10.1103/PhysRevB.100.174506
H6SSe,2.2913,196,0.75,18.3581,doi.org/10.1103/PhysRevB.98.174101
H6SSe,2.2913,181,0.75,18.3581,doi.org/10.1103/PhysRevB.98.174101
H6SSe,2.2913,115,0.75,18.3581,doi.org/10.1103/PhysRevB.98.174101
HBS,2.2733,0.8,0.3333,42.5298,doi.org/10.1103/PhysRevB.100.134110
HBS,2.2733,1.9,0.3333,42.5298,doi.org/10.1103/PhysRevB.100.134110
Hf3AlH,1.542,2,0.2,557.9881,doi.org/10.1103/PhysRevLett.132.166001
HfB2H,1.895,15,0.25,198.5218,doi.org/10.1063/5.0064011
HfBH2,1.935,14.9,0.5,93.8988,doi.org/10.1063/5.0064011
HgHf3H,1.62,1,0.2,730.2183,doi.org/10.1103/PhysRevLett.132.166001
HgN2H8,2.3345,0.01,0.7273,28.3487,doi.org/10.1063/5.0127365
HgN2H8,2.3345,12,0.7273,28.3487,doi.org/10.1063/5.0127365
In2MnH6,2.0344,45,0.6667,47.0532,doi.org/10.1016/j.mtphys.2024.101374
InC2H8,2.2255,20.1,0.7273,17.2175,doi.org/10.1038/s41524-024-01490-5
InC2H8,2.2255,35.6,0.7273,17.2175,doi.org/10.1038/s41524-024-01490-5
InC2H8,2.2255,35.1,0.7273,17.2175,doi.org/10.1038/s41524-024-01490-5
InN2H8,2.3145,22,0.7273,17.7125,doi.org/10.1063/5.0127365
InN2H8,2.3145,77,0.7273,17.7125,doi.org/10.1063/5.0127365
IrAl3H,1.846,27,0.2,270.998,doi.org/10.1103/PhysRevLett.132.166001
IrW3H,2.296,4.35,0.2,737.8373,doi.org/10.1103/PhysRevLett.132.166001
K2ReH9,1.945,127.1,0.75,29.145,doi.org/10.1039/D2TC02842E
K2ReH9,1.945,8.83,0.75,29.145,doi.org/10.1039/D2TC02842E
K2ReH9,1.945,12.6,0.75,29.145,doi.org/10.1039/D2TC02842E
K2ReH9,1.945,10.94,0.75,29.145,doi.org/10.1039/D2TC02842E
K2ReH9,1.945,12.2,0.75,29.145,doi.org/10.1039/D2TC02842E
KAlH3,1.806,52,0.6,21.8519,doi.org/10.1088/2752-5724/ad4a94
KAlH3,1.806,96,0.6,21.8519,doi.org/10.1002/advs.202408370
KAuH2,1.94,0.3,0.5,117.0972,doi.org/10.1021/jacs.7b04456
KB2H8,2.0455,146,0.7273,7.5295,doi.org/10.1103/PhysRevB.104.L100504
KB2H8,2.0455,154.9,0.7273,7.5295,doi.org/10.1016/j.mtphys.2024.101443
KB2H8,2.0455,124,0.7273,7.5295,doi.org/10.1103/PhysRevB.104.L100504
KB2H8,2.0455,116.3,0.7273,7.5295,doi.org/10.1016/j.mtphys.2024.101443
KB2H8,2.0455,100,0.7273,7.5295,doi.org/10.1103/PhysRevB.105.224107
KB2H8,2.0455,77,0.7273,7.5295,doi.org/10.1016/j.mtphys.2024.101443
KB2H8,2.0455,89.4,0.7273,7.5295,doi.org/10.1016/j.mtphys.2024.101443
KB2H8,2.0455,121.4,0.7273,7.5295,doi.org/10.1016/j.mtphys.2024.101443
KC2H8,2.1382,4.67,0.7273,7.8274,doi.org/10.1002/pssr.202300043
KC2H8,2.1382,9.5,0.7273,7.8274,doi.org/10.1016/j.mtphys.2024.101443
KC2H8,2.1382,42.47,0.7273,7.8274,doi.org/10.1002/pssr.202300043
KC2H8,2.1382,5.1,0.7273,7.8274,doi.org/10.1016/j.mtphys.2024.101443
KC2H8,2.1382,94,0.7273,7.8274,doi.org/10.1002/pssr.202300043
KC2H8,2.1382,10.7,0.7273,7.8274,doi.org/10.1016/j.mtphys.2024.101443
KC2H8,2.1382,22,0.7273,7.8274,doi.org/10.1103/PhysRevB.105.104511
KC2H8,2.1382,59.1,0.7273,7.8274,doi.org/10.1016/j.mtphys.2024.101443
KC2H8,2.1382,53,0.7273,7.8274,doi.org/10.1016/j.mtphys.2024.101443
KCdH3,1.822,12.3,0.6,50.1019,doi.org/10.1002/adma.202307085
KCH4,2.0283,12.7,0.6667,12.6758,doi.org/10.1142/S012918311950061X
KGaH3,1.846,146,0.6,35.9858,doi.org/10.1002/advs.202408370
KGaH3,1.846,98,0.6,35.9858,doi.org/10.1002/advs.202408370
KGaH3,1.846,61,0.6,35.9858,doi.org/10.1002/advs.202408370
KInH3,1.84,72.9,0.6,50.8988,doi.org/10.1002/adfm.202404043
KrSH3,2.436,70,0.6,38.3135,doi.org/10.1007/s11467-018-0818-7
KScH12,2.0414,133,0.8571,6.9489,doi.org/10.1103/PhysRevB.100.174506
KSH3,2,58.8,0.6,23.5311,doi.org/10.1016/j.cjph.2024.02.025
KSH3,2,75,0.6,23.5311,doi.org/10.1016/j.cjph.2024.02.025
KYH14,2.0525,167.1,0.875,9.0706,doi.org/10.1016/j.physleta.2021.127750
KYH8,1.964,111.3,0.8,15.8735,doi.org/10.1016/j.physleta.2021.127750
KYH8,1.964,122,0.8,15.8735,doi.org/10.1016/j.physleta.2021.127750
KYH8,1.964,163.7,0.8,15.8735,doi.org/10.1016/j.physleta.2021.127750
La11N9H2,1.9936,1.11,0.0909,820.4727,doi.org/10.1103/PhysRevB.109.094106
La2B6H5,1.9569,6,0.3846,67.9921,doi.org/10.1038/s41524-021-00691-6
La2MgH12,1.994,24,0.8,24.9773,doi.org/10.1016/j.mtphys.2023.101300
La2MgH12,1.994,30,0.8,24.9773,doi.org/10.1016/j.mtphys.2023.101300
La2MgH12,1.994,32,0.8,24.9773,doi.org/10.1016/j.mtphys.2023.101300
La2N2H,2.096,0,0.2,303.4067,doi.org/10.1038/s41524-021-00691-6
La2N5H2,2.4222,12.08,0.2222,172.5471,doi.org/10.1103/PhysRevB.109.094106
La2NH2,1.928,14.41,0.4,144.7555,doi.org/10.1103/PhysRevB.109.094106
La2NH2,1.928,8.77,0.4,144.7555,doi.org/10.1103/PhysRevB.109.094106
La2ThH12,1.9933,11,0.8,42.1511,doi.org/10.1021/acs.jpcc.3c07213
La2ThH18,2.0524,112.85,0.8571,28.1007,doi.org/10.1039/D3CP05408J
La2YH18,2.0486,270,0.8571,20.212,doi.org/10.1016/j.mattod.2021.03.025
La3MgH16,1.9905,55,0.8,27.3459,doi.org/10.1016/j.mtphys.2023.101300
La3N2H,1.93,0.07,0.1667,441.2143,doi.org/10.1103/PhysRevB.109.094106
La3N4H,2.2075,11.95,0.125,469.006,doi.org/10.1103/PhysRevB.109.094106
La3ThH16,1.99,35,0.8,40.2263,doi.org/10.1021/acs.jpcc.3c07213
La3ThH40,2.1045,210,0.9091,16.0905,doi.org/10.1021/acs.jpcc.3c07213
La4N3H,1.965,1.42,0.125,592.9177,doi.org/10.1103/PhysRevB.109.094106
La4N4H,2.0844,0,0.1111,606.8135,doi.org/10.1038/s41524-021-00691-6
La4N6H,2.2582,14.12,0.0909,634.6052,doi.org/10.1103/PhysRevB.109.094106
La4YH30,2.0463,265,0.8571,21.3144,doi.org/10.1016/j.mattod.2021.03.025
La5N3H2,1.902,2.63,0.2,365.3626,doi.org/10.1103/PhysRevB.109.094106
La5N4H,1.986,1.03,0.1,744.621,doi.org/10.1103/PhysRevB.109.094106
La5NH4,1.734,4.13,0.4,175.7334,doi.org/10.1103/PhysRevB.109.094106
La6N5H,2,2.6,0.0833,896.3244,doi.org/10.1103/PhysRevB.109.094106
La7N6H,2.01,0.94,0.0714,1048.0278,doi.org/10.1103/PhysRevB.109.094106
La8N7H,2.0175,0.49,0.0625,1199.7312,doi.org/10.1103/PhysRevB.109.094106
LaAlH8,2.031,144,0.8,20.5719,doi.org/10.1103/PhysRevLett.128.047001
LaB2H8,2.0709,18.09,0.7273,19.907,doi.org/10.1088/1674-1056/ad7c31
LaB2H8,2.0709,81,0.7273,19.907,doi.org/10.1021/jacs.3c14205
LaB2H8,2.0709,80,0.7273,19.907,doi.org/10.1021/jacs.3c14205
LaB8H,1.962,8,0.1,223.6012,doi.org/10.1038/s41524-021-00691-6
LaBeH8,2.027,191,0.8,18.3435,doi.org/10.1103/PhysRevLett.128.047001
LaBeH8,2.027,144,0.8,18.3435,doi.org/10.1103/PhysRevLett.128.047001
LaBeH8,2.027,110,0.8,18.3435,doi.org/10.1103/PhysRevLett.130.266001
LaBH17,2.1337,180,0.8947,8.7372,doi.org/10.1038/s41524-021-00691-6
LaBH7,2.06,123,0.7778,21.2188,doi.org/10.1103/PhysRevB.110.064105
LaBH7,2.06,93,0.7778,21.2188,doi.org/10.1103/PhysRevB.104.134501
LaBH8,2.074,126,0.8,18.5665,doi.org/10.1103/PhysRevB.104.L020511
LaBH8,2.074,154,0.8,18.5665,doi.org/10.1103/PhysRevB.104.134501
LaBH8,2.074,96,0.8,18.5665,doi.org/10.1103/PhysRevB.104.L020511
LaBH8,2.074,160,0.8,18.5665,doi.org/10.1103/PhysRevLett.128.047001
LaBH8,2.074,96,0.8,18.5665,doi.org/10.1103/PhysRevB.104.134501
LaBH8,2.074,58,0.8,18.5665,doi.org/10.1103/PhysRevB.104.134501
LaBH8,2.074,14,0.8,18.5665,doi.org/10.1038/s41524-021-00691-6
LaC2H8,2.1636,69,0.7273,20.2046,doi.org/10.1039/D1CP03896F
LaC2H8,2.1636,95,0.7273,20.2046,doi.org/10.1039/D1CP03896F
LaC2H8,2.1636,70.9,0.7273,20.2049,doi.org/10.1016/j.mtphys.2024.101443
LaC2H8,2.1636,140,0.7273,20.2046,doi.org/10.1039/D1CP03896F
LaC2H8,2.1636,85.2,0.7273,20.2049,doi.org/10.1016/j.mtphys.2024.101443
LaC2H8,2.1636,94,0.7273,20.2049,doi.org/10.1016/j.mtphys.2024.101443
LaCaH12,2.0357,164,0.8571,14.7973,doi.org/10.1021/acs.jpcc.3c05654
LaCeH12,2.0443,148.8,0.8571,23.0676,doi.org/10.1016/j.mtphys.2023.101233
LaCeH20,2.1009,116.1,0.9091,13.8408,doi.org/10.1016/j.mtphys.2022.100873
LaCeH8,1.982,1.76,0.8,34.6019,doi.org/10.1016/j.mtphys.2022.100873
LaGaH14,2.1069,137,0.875,14.7841,doi.org/10.1038/s41524-021-00691-6
LaGaH15,2.1124,95,0.8824,13.7985,doi.org/10.1038/s41524-021-00691-6
LaGaH6,2.0138,21,0.75,34.4962,doi.org/10.1038/s41524-021-00691-6
LaMg3H28,2.0822,164,0.875,7.5051,doi.org/10.1016/j.mtphys.2023.101300
LaMg3H28,2.0822,157,0.875,7.5051,doi.org/10.1016/j.mtphys.2023.101300
LaMg3H28,2.0822,138,0.875,7.5051,doi.org/10.1016/j.mtphys.2023.101300
LaMgH8,2.001,43,0.8,20.24,doi.org/10.1016/j.mtphys.2023.101300
LaMgH8,2.001,45,0.8,20.24,doi.org/10.1016/j.mtphys.2023.101300
LaMgH8,2.001,38,0.8,20.24,doi.org/10.1016/j.mtphys.2023.101300
LaN2H3,2.2967,1,0.5,55.1997,doi.org/10.1038/s41524-021-00691-6
LaP2H2,1.976,36,0.4,99.6319,doi.org/10.1103/PhysRevB.105.024504
LaPH,1.83,8,0.3333,168.5357,doi.org/10.1103/PhysRevB.105.024504
LaPH6,2.0613,10,0.75,28.0893,doi.org/10.1103/PhysRevB.105.024504
LaPH8,2.089,151,0.8,21.067,doi.org/10.1103/PhysRevLett.128.047001
LaSc2H24,2.097,311,0.8889,9.4586,doi.org/10.1073/pnas.240184012
LaSc2H24,2.097,311,0.8889,9.4586,doi.org/10.1073/pnas.2401840121
LaSc2H24,2.097,316,0.8889,9.4586,doi.org/10.1073/pnas.240184012
LaSc2H24,2.097,325,0.8889,9.4586,doi.org/10.1073/pnas.2401840121
LaSc2H24,2.097,331,0.8889,9.4586,doi.org/10.1073/pnas.240184012
LaSc2H24,2.097,339,0.8889,9.4586,doi.org/10.1073/pnas.2401840121
LaSc2H24,2.097,330,0.8889,9.4586,doi.org/10.1073/pnas.240184012
LaSc2H24,2.097,330,0.8889,9.4586,doi.org/10.1073/pnas.2401840121
LaSc2H24,2.097,294,0.8889,9.4586,doi.org/10.1073/pnas.240184012
LaSc2H24,2.097,294,0.8889,9.4586,doi.org/10.1073/pnas.2401840121
LaSH6,2.11,24,0.75,28.2688,doi.org/10.1103/PhysRevB.100.184502
LaSH6,2.11,35,0.75,28.2688,doi.org/10.1103/PhysRevB.100.184502
LaSH8,2.128,195,0.8,21.2016,doi.org/10.1103/PhysRevLett.128.047001
LaSiH7,2.0444,41.2,0.7778,23.6671,doi.org/10.1103/PhysRevB.110.024513
LaSiH8,2.06,150,0.8,20.7087,doi.org/10.1103/PhysRevLett.128.047001
LaTh2H12,2.0067,1,0.8,49.8504,doi.org/10.1021/acs.jpcc.3c07213
LaTh2H18,2.0619,199,0.8571,33.2336,doi.org/10.1103/PhysRevB.109.224505
LaTh2H18,2.0619,102.5,0.8571,33.2336,doi.org/10.1039/D3CP05408J
LaTh3H16,2.01,3,0.8,51.7752,doi.org/10.1021/acs.jpcc.3c07213
LaTh3H24,2.0643,198,0.8571,34.5168,doi.org/10.1103/PhysRevB.109.224505
LaTh3H24,2.0643,125.29,0.8571,34.5168,doi.org/10.1039/D3CP05408J
LaTh3H24,2.0643,103.04,0.8571,34.5168,doi.org/10.1039/D3CP05408J
LaTh3H40,2.1136,164,0.9091,20.7101,doi.org/10.1021/acs.jpcc.3c07213
LaThH12,2.0571,54.95,0.8571,30.6672,doi.org/10.1039/D3CP05408J
LaThH12,2.0571,231,0.8571,30.6672,doi.org/10.1103/PhysRevB.109.224505
LaThH12,2.0571,217.8,0.8571,30.667,doi.org/10.1016/j.mtphys.2023.101233
LaThH12,2.0571,213.4,0.8571,30.667,doi.org/10.1016/j.mtphys.2023.101233
LaThH12,2.0571,211.2,0.8571,30.667,doi.org/10.1016/j.mtphys.2023.101233
LaThH20,2.1091,179,0.9091,18.4003,doi.org/10.1021/acs.jpcc.3c07213
LaThH8,2,10,0.8,46.0007,doi.org/10.1021/acs.jpcc.3c07213
LaTmH12,2.0536,24,0.8571,25.4497,doi.org/10.1038/s41598-024-61400-z
LaY3H24,2.0557,145,0.8571,16.767,doi.org/10.1021/acs.chemmater.1c02371
LaYH12,2.0514,241,0.8571,18.834,doi.org/10.1016/j.mattod.2021.03.025
LaYH12,2.0514,140,0.8571,18.834,doi.org/10.1021/acs.chemmater.1c02371
LaYH12,2.0514,128,0.8571,18.834,doi.org/10.1021/acs.chemmater.1c02371
LaYH2,1.68,0.47,0.5,113.004,doi.org/10.1088/1674-1056/ad41b8
LaYH2,1.68,1.57,0.5,113.004,doi.org/10.1088/1674-1056/ad41b8
LaYH20,2.1055,300,0.9091,11.3004,doi.org/10.1016/j.mattod.2021.03.025
LaYH3,1.784,0,0.6,75.336,doi.org/10.1088/1674-1056/ad41b8
LaYH3,1.784,55.51,0.6,75.336,doi.org/10.1088/1674-1056/ad41b8
LaYH3,1.784,5.22,0.6,75.336,doi.org/10.1088/1674-1056/ad41b8
LaYH8,1.992,46.96,0.8,28.251,doi.org/10.1088/1674-1056/ad41b8
Li2Au2H,1.848,0.02,0.2,404.5833,doi.org/10.1039/D1CP02781F
Li2AuH2,1.78,20.8,0.4,104.5883,doi.org/10.1002/adfm.202404043
Li2AuH6,1.9667,54,0.6667,34.8628,doi.org/10.1016/j.mtphys.2024.101374
Li2BeH6,1.8589,146,0.6667,3.7854,doi.org/10.1021/acs.jpcc.3c04969
Li2BeH6,1.8589,149,0.6667,3.7854,doi.org/10.1021/acs.jpcc.3c04969
Li2BeH6,1.8589,127,0.6667,3.7854,doi.org/10.1021/acs.jpcc.3c04969
Li2BeH6,1.8589,140,0.6667,3.7854,doi.org/10.1021/acs.jpcc.3c04969
Li2BeH6,1.8589,134,0.6667,3.7854,doi.org/10.1021/acs.jpcc.3c04969
Li2BeH6,1.8589,130,0.6667,3.7854,doi.org/10.1021/acs.jpcc.3c04969
Li2BeH6,1.8589,121,0.6667,3.7854,doi.org/10.1021/acs.jpcc.3c04969
Li2BeH6,1.8589,104,0.6667,3.7854,doi.org/10.1021/acs.jpcc.3c04969
Li2BeH6,1.8589,19,0.6667,3.7854,doi.org/10.1021/acs.jpcc.3c04969
Li2BH6,1.9111,98,0.6667,4.0823,doi.org/10.1103/PhysRevMaterials.1.074803
Li2BH6,1.9111,81,0.6667,4.0823,doi.org/10.1103/PhysRevMaterials.1.074803
Li2CaH16,2.0084,330,0.8421,3.3456,doi.org/10.1021/acs.chemmater.4c01472
Li2CaH17,2.018,205,0.85,3.1488,doi.org/10.1021/acs.chemmater.4c01472
Li2CaH17,2.018,317,0.85,3.1488,doi.org/10.1021/acs.chemmater.4c01472
Li2CaH17,2.018,370,0.85,3.1488,doi.org/10.1021/acs.chemmater.4c01472
Li2CH4,1.9014,3.8,0.5714,6.4214,doi.org/10.1142/S0129183121500327
Li2CuH6,1.8956,86,0.6667,12.8019,doi.org/10.1002/adfm.202404043
Li2CuH6,1.8956,80,0.6667,12.8019,doi.org/10.1016/j.mtphys.2024.101374
Li2LaH17,2.023,156,0.85,8.9163,doi.org/10.1103/PhysRevB.106.024519
Li2LaH17,2.023,118,0.85,8.9163,doi.org/10.1103/PhysRevB.106.024519
Li2MgH16,2.0247,473,0.8421,2.3676,doi.org/10.1103/PhysRevLett.123.097001
Li2MgH16,2.0247,350,0.8421,2.3676,doi.org/10.1103/PhysRevLett.123.097001
Li2MgH16,2.0247,352,0.8421,2.3676,doi.org/10.1103/PhysRevMaterials.6.034801
Li2MgH16,2.0247,175,0.8421,2.3676,doi.org/10.1103/PhysRevLett.123.097001
Li2NaH16,2.0047,258,0.8421,2.2861,doi.org/10.1002/adfm.202418692
Li2NaH16,2.0047,221,0.8421,2.2861,doi.org/10.1002/adfm.202418692
Li2NaH17,2.0145,357,0.85,2.1516,doi.org/10.1002/adfm.202418692
Li2NaH17,2.0145,340,0.85,2.1516,doi.org/10.1002/adfm.202418692
Li2NaH17,2.0145,330,0.85,2.1516,doi.org/10.1002/adfm.202418692
Li2PdH6,1.9289,106.38,0.6667,19.8909,doi.org/10.1063/5.0231618
Li2PdH6,1.9289,84.59,0.6667,19.8909,doi.org/10.1063/5.0231618
Li2PdH6,1.9289,119.86,0.6667,19.8909,doi.org/10.1063/5.0231618
Li2PdH6,1.9289,165.79,0.6667,19.8909,doi.org/10.1063/5.0231618
Li2ScH16,2.0274,281,0.8421,3.6481,doi.org/10.1103/PhysRevB.106.024519
Li2ScH16,2.0274,262,0.8421,3.6481,doi.org/10.1103/PhysRevB.106.024519
Li2ScH17,2.036,36,0.85,3.4335,doi.org/10.1103/PhysRevB.106.024519
Li2ScH17,2.036,94,0.85,3.4335,doi.org/10.1103/PhysRevB.106.024519
Li2ScH20,2.0574,230,0.8696,2.9185,doi.org/10.1103/PhysRevB.106.024519
Li2ScH20,2.0574,242,0.8696,2.9185,doi.org/10.1103/PhysRevB.106.024519
Li2SiH6,1.8956,0,0.6667,6.939,doi.org/10.1063/5.0080880
Li2SiH6,1.8956,43.6,0.6667,6.939,doi.org/10.1063/5.0080880
Li2SiH6,1.8956,56.33,0.6667,6.939,doi.org/10.1063/5.0080880
Li2YH16,2.02,285,0.8421,6.3731,doi.org/10.1103/PhysRevB.106.024519
Li2YH16,2.02,251,0.8421,6.3731,doi.org/10.1103/PhysRevB.106.024519
Li2YH17,2.029,83,0.85,5.9982,doi.org/10.1103/PhysRevB.106.024519
Li2YH17,2.029,108,0.85,5.9982,doi.org/10.1103/PhysRevB.106.024519
Li2YH17,2.029,64,0.85,5.9982,doi.org/10.1103/PhysRevB.106.024519
Li4BeH5,1.649,37.2,0.5,7.2961,doi.org/10.1002/adfm.202404043
Li4Na2H33,2.0097,215,0.8462,2.2168,doi.org/10.1002/adfm.202418692
Li4Na2H33,2.0097,156,0.8462,2.2168,doi.org/10.1002/adfm.202418692
Li4Na2H33,2.0097,135,0.8462,2.2168,doi.org/10.1002/adfm.202418692
Li5MoH11,1.8388,6.5,0.6471,11.7835,doi.org/10.1103/PhysRevB.99.024508
Li6AuH,1.3275,2.79,0.125,236.7163,doi.org/10.1039/D1CP02781F
LiAu2H,2.065,0.06,0.25,397.6984,doi.org/10.1039/D1CP02781F
LiAuH,1.9067,1.3,0.3333,202.2917,doi.org/10.1039/D1CP02781F
LiAuH,1.9067,4.69,0.3333,202.2917,doi.org/10.1039/D1CP02781F
LiBH2,1.855,10,0.5,8.8046,doi.org/10.1016/j.physleta.2020.126525
LiCH4,2.055,3.5,0.6667,4.7001,doi.org/10.1142/S0129183121500327
LiF3H,3.024,0.092,0.2,63.4266,doi.org/10.1063/5.0041490
LiHeH6,2.46,180,0.75,1.8093,doi.org/10.1021/acs.jpcc.4c02467
LiHeH6,2.46,120,0.75,1.8093,doi.org/10.1021/acs.jpcc.4c02467
LiNa3H23,2.0137,323,0.8519,3.2742,doi.org/10.1002/adfm.202418692
LiNa3H23,2.0137,303,0.8519,3.2742,doi.org/10.1002/adfm.202418692
LiP2H14,2.1271,169,0.8235,4.8815,doi.org/10.1021/acs.jpclett.9b03856
LiP2H14,2.1271,125,0.8235,4.8815,doi.org/10.1021/acs.jpclett.9b03856
LiP2H14,2.1271,90,0.8235,4.8815,doi.org/10.1021/acs.jpclett.9b03856
LiPdH2,1.895,43.2,0.5,56.2302,doi.org/10.1002/adma.202307085
LiPH3,1.954,56.3,0.6,12.5377,doi.org/10.1038/s41524-019-0244-6
LiPH4,1.995,0,0.6667,9.4033,doi.org/10.1038/s41524-019-0244-6
LiPH6,2.0463,136.5,0.75,6.2688,doi.org/10.1038/s41524-019-0244-6
LiPH6,2.0463,127.5,0.75,6.2688,doi.org/10.1038/s41524-019-0244-6
LiPH6,2.0463,115.3,0.75,6.2688,doi.org/10.1038/s41524-019-0244-6
LiPH7,2.0633,55.9,0.7778,5.3733,doi.org/10.1038/s41524-019-0244-6
LiScH10,2.0283,75,0.8333,5.1484,doi.org/10.1103/PhysRevB.106.024519
LiSeH4,2.055,74,0.6667,21.3048,doi.org/10.1039/D1CP04963A
LiSeH4,2.055,77,0.6667,21.3048,doi.org/10.1039/D1CP04963A
LiSeH4,2.055,76,0.6667,21.3048,doi.org/10.1039/D1CP04963A
LiSeH6,2.0913,97,0.75,14.2032,doi.org/10.1039/D1CP04963A
LiSeH6,2.0913,111,0.75,14.2032,doi.org/10.1039/D1CP04963A
LiSeH6,2.0913,110,0.75,14.2032,doi.org/10.1039/D1CP04963A
LiSi2H9,2.0483,54,0.75,6.9566,doi.org/10.1103/PhysRevB.102.184103
LiSi2H9,2.0483,44,0.75,6.9566,doi.org/10.1103/PhysRevB.102.184103
LiSi2H9,2.0483,19,0.75,6.9566,doi.org/10.1103/PhysRevB.102.184103
LiSiH4,1.9467,40,0.6667,8.6868,doi.org/10.1103/PhysRevB.102.184103
LiSiH4,1.9467,20,0.6667,8.6868,doi.org/10.1103/PhysRevB.102.184103
LiSiH4,1.9467,15,0.6667,8.6868,doi.org/10.1103/PhysRevB.102.184103
LiSiH8,2.048,77,0.8,4.3434,doi.org/10.1103/PhysRevB.102.184103
LiSiH8,2.048,73,0.8,4.3434,doi.org/10.1103/PhysRevB.102.184103
LiSiH8,2.048,68,0.8,4.3434,doi.org/10.1103/PhysRevB.102.184103
Lu2NH2,1.996,0.2,0.4,180.5293,doi.org/10.1063/5.0151844
Lu2NH3,2.03,10.5,0.5,120.3528,doi.org/10.1038/s41467-023-41005-2
Lu2NH3,2.03,0,0.5,120.3528,doi.org/10.1103/PhysRevB.108.014511
Lu2NH5,2.0725,27,0.625,72.2117,doi.org/10.1063/5.0151844
Lu3N2H3,2.0613,4.9,0.375,182.8452,doi.org/10.1038/s41467-023-41005-2
Lu4NH11,2.02,100,0.6875,64.3837,doi.org/10.1038/s43246-024-00500-9
Lu4NH3,1.84,8.1,0.375,236.0737,doi.org/10.1063/5.0215212
Lu4NH3,1.84,7.5,0.375,236.0737,doi.org/10.1063/5.0215212
Lu4NH3,1.84,4.9,0.375,236.0737,doi.org/10.1063/5.0215212
Lu4NH4,1.88,4.2,0.4444,177.0553,doi.org/10.1103/PhysRevB.108.014511
Lu4NH6,1.9382,2.9,0.5455,118.0369,doi.org/10.1103/PhysRevB.108.014511
Lu4NH6,1.9382,0.12,0.5455,118.0369,doi.org/10.1103/PhysRevB.108.014511
Lu4NH7,1.96,4.2,0.5833,101.1745,doi.org/10.1103/PhysRevB.108.014511
LuBeH8,2.044,355,0.8,22.8153,doi.org/10.1088/0256-307X/40/9/097402
LuBeH8,2.044,293,0.8,22.8153,doi.org/10.1088/0256-307X/40/9/097402
LuBeH8,2.044,269,0.8,22.8153,doi.org/10.1088/0256-307X/40/9/097402
LuBeH8,2.044,274.8,0.8,22.8153,doi.org/10.1088/0256-307X/40/9/097402
LuBeH8,2.044,255,0.8,22.8153,doi.org/10.1088/0256-307X/40/9/097402
LuN4H12,2.3429,33.44,0.7059,19.0971,doi.org/10.1016/j.mtphys.2024.101403
LuN4H12,2.3429,130,0.7059,19.0971,doi.org/10.1016/j.mtphys.2024.101403
LuNH,2.17,16,0.3333,187.4772,doi.org/10.1038/s41467-023-41005-2
LuNH,2.17,18.3,0.3333,187.4772,doi.org/10.1103/PhysRevB.108.014511
LuNH3,2.182,0.3,0.6,62.4924,doi.org/10.1088/1361-648X/ad0a4c
LuTmH12,2.0657,48,0.8571,28.4309,doi.org/10.1038/s41598-024-61400-z
LuYbH12,2.0521,198.4,0.8571,28.7715,doi.org/10.1002/pssb.202400240
Mg2B2H,1.78,23.25,0.2,69.6726,doi.org/10.1103/PhysRevMaterials.7.114802
Mg2CoH6,1.9667,30,0.6667,17.7816,doi.org/10.1016/j.mtphys.2024.101374
Mg2CuH6,1.9689,12.5,0.6667,18.5443,doi.org/10.1016/j.physc.2024.1354571
Mg2IrH6,2.0022,160,0.6667,39.8198,doi.org/10.1103/PhysRevLett.132.166001
Mg2IrH6,2.0022,77,0.6667,39.8198,doi.org/10.1038/s41524-024-01214-9
Mg2IrH6,2.0022,65,0.6667,39.8198,doi.org/10.1016/j.mtphys.2024.101374
Mg2NiH6,1.97,22.7,0.6667,17.7419,doi.org/10.1002/adfm.202404043
Mg2PdH6,2.0022,66.5,0.6667,25.6333,doi.org/10.1038/s41524-024-01214-9
Mg2PtH6,2.0111,80.4,0.6667,40.2927,doi.org/10.1038/s41524-024-01214-9
Mg2PtH6,2.0111,73,0.6667,40.2927,doi.org/10.1016/j.mtphys.2024.101374
Mg2RhH6,2.0111,48.5,0.6667,25.0529,doi.org/10.1038/s41524-024-01214-9
Mg2RhH6,2.0111,59,0.6667,25.0529,doi.org/10.1016/j.mtphys.2024.101374
Mg2ScH10,1.9985,17.94,0.7692,9.2823,doi.org/10.1021/acs.jpcc.1c08743
Mg7NbH16,1.9154,2.7,0.6667,16.3096,doi.org/10.1103/PhysRevB.104.224510
Mg7NbH16,1.9154,6.2,0.6667,16.3096,doi.org/10.1103/PhysRevB.104.224510
Mg7NbH16,1.9154,7,0.6667,16.3096,doi.org/10.1103/PhysRevB.104.224510
MgAsH6,2.0863,85,0.75,16.4066,doi.org/10.1016/j.mtphys.2023.101086
MgAsH6,2.0863,65,0.75,16.4066,doi.org/10.1016/j.mtphys.2023.101086
MgAsH6,2.0863,31,0.75,16.4066,doi.org/10.1016/j.mtphys.2023.101086
MgB2H,1.8975,67,0.25,45.5605,doi.org/10.1103/PhysRevLett.123.077001
MgBH9,2.1045,60,0.8182,3.8707,doi.org/10.1016/j.ijhydene.2022.10.232
MgBH9,2.1045,64,0.8182,3.8707,doi.org/10.1016/j.ijhydene.2022.10.232
MgC2H8,2.1827,55,0.7273,5.9929,doi.org/10.1103/PhysRevB.105.104511
MgC2H8,2.1827,35.2,0.7273,5.9929,doi.org/10.1016/j.mtphys.2024.101443
MgC2H8,2.1827,27.5,0.7273,5.9929,doi.org/10.1016/j.mtphys.2024.101443
MgCaH12,2.0507,288,0.8571,5.3227,doi.org/10.1016/j.jallcom.2020.156434
MgCH4,2.11,88,0.6667,9.0067,doi.org/10.1088/2053-1591/2/4/046001
MgCH4,2.11,121,0.6667,9.0067,doi.org/10.1088/2053-1591/2/4/046001
MgCH4,2.11,85,0.6667,9.0067,doi.org/10.1088/2053-1591/2/4/046001
MgCu3H,1.842,42,0.2,213.2371,doi.org/10.1002/adfm.202304919
MgGeH6,2.065,66.6,0.75,16.0276,doi.org/10.1039/C7CP05267G
MgGeH6,2.065,59.05,0.75,16.0276,doi.org/10.1039/C7CP05267G
MgGeH6,2.065,50.29,0.75,16.0276,doi.org/10.1039/C7CP05267G
MgN2H8,2.2718,5,0.7273,6.488,doi.org/10.1063/5.0127365
MgN2H8,2.2718,105,0.7273,6.488,doi.org/10.1063/5.0127365
MgNiH5,2.0314,25.6,0.7143,16.4679,doi.org/10.1002/er.8705
MgNiH5,2.0314,15.8,0.7143,16.4679,doi.org/10.1002/er.8705
MgNiH5,2.0314,10.7,0.7143,16.4679,doi.org/10.1002/er.8705
MgPH6,2.0875,111,0.75,9.14,doi.org/10.1016/j.mtphys.2023.101086
MgPH6,2.0875,87,0.75,9.14,doi.org/10.1016/j.mtphys.2023.101086
MgPH6,2.0875,68,0.75,9.14,doi.org/10.1016/j.mtphys.2023.101086
MgSc2H9,1.9858,24,0.75,12.5901,doi.org/10.1021/acs.jpcc.1c08743
MgSc2H9,1.9858,6.88,0.75,12.5901,doi.org/10.1021/acs.jpcc.1c08743
MgSc3H12,1.9869,12,0.75,13.1591,doi.org/10.1021/acs.jpcc.1c08743
MgSc3H12,1.9869,2.61,0.75,13.1591,doi.org/10.1021/acs.jpcc.1c08743
MgScH6,1.9838,41,0.75,11.4519,doi.org/10.1021/acs.jpcc.1c08743
MgScH6,1.9838,23.34,0.75,11.4519,doi.org/10.1021/acs.jpcc.1c08743
MgSiH6,2.0513,63,0.75,8.6624,doi.org/10.1103/PhysRevB.96.144518
MgSiH6,2.0513,58,0.75,8.6624,doi.org/10.1103/PhysRevB.96.144518
MgSiH6,2.0513,53,0.75,8.6624,doi.org/10.1103/PhysRevB.96.144518
MgVH6,2.0175,88.55,0.75,12.4416,doi.org/10.1016/j.physb.2023.414978
MgVH6,2.0175,45.55,0.75,12.4416,doi.org/10.1016/j.physb.2023.414978
MgVH6,2.0175,29.53,0.75,12.4416,doi.org/10.1016/j.physb.2023.414978
MgVH6,2.0175,27.6,0.75,12.4416,doi.org/10.1021/acs.jpcc.0c09447
MgVH6,2.0175,24.22,0.75,12.4416,doi.org/10.1016/j.physb.2023.414978
MgVH6,2.0175,22.11,0.75,12.4416,doi.org/10.1016/j.physb.2023.414978
Mo2B2H,2.12,21.54,0.2,211.8254,doi.org/10.1103/PhysRevMaterials.7.114802
Mo3N3H,2.5429,2,0.1429,327.253,doi.org/10.1103/PhysRevLett.132.166001
MoSH,2.3133,28.58,0.3333,126.994,doi.org/10.1103/PhysRevB.105.245420
MoSH,2.3133,12.6,0.3333,126.994,doi.org/10.1088/2053-1583/ad2523
Na2AgH6,1.8878,46.1,0.6667,25.4382,doi.org/10.1002/adfm.202404043
Na2AuH4,1.8857,43.8,0.5714,60.2555,doi.org/10.1002/adfm.202404043
Na2AuH6,1.9556,31.6,0.6667,40.1703,doi.org/10.1002/adfm.202404043
Na2B2H,1.628,42.4,0.2,67.0635,doi.org/10.1016/j.physleta.2024.129663
Na2CuH6,1.8844,29.4,0.6667,18.1095,doi.org/10.1002/adfm.202404043
Na3Pd2H9,1.9279,25.3,0.6429,31.0637,doi.org/10.1002/adfm.202404043
NaAlH8,2.014,39,0.8,6.1969,doi.org/10.1103/PhysRevB.104.104509
NaAlH8,2.014,45,0.8,6.1969,doi.org/10.1103/PhysRevB.104.104509
NaAlH8,2.014,55,0.8,6.1969,doi.org/10.1103/PhysRevB.104.104509
NaB3H3,1.95,47.8,0.4286,18.3267,doi.org/10.1103/PhysRevB.106.174104
NaBH3,1.914,86.8,0.6,11.1772,doi.org/10.1103/PhysRevB.106.174104
NaC2H8,2.1482,6.1,0.7273,5.8299,doi.org/10.1016/j.mtphys.2024.101443
NaC2H8,2.1482,17.9,0.7273,5.8299,doi.org/10.1016/j.mtphys.2024.101443
NaC2H8,2.1482,30,0.7273,5.8299,doi.org/10.1103/PhysRevB.105.104511
NaC2H8,2.1482,24.6,0.7273,5.8299,doi.org/10.1016/j.mtphys.2024.101443
NaP2H14,2.1241,159,0.8235,6.0188,doi.org/10.1021/acs.jpclett.9b03856
NaPdH3,1.946,29.3,0.6,42.7943,doi.org/10.1002/adfm.202404043
NaPH6,2.04,110.5,0.75,8.9226,doi.org/10.1103/PhysRevB.107.214511
NaPH6,2.04,83.2,0.75,8.9226,doi.org/10.1103/PhysRevB.107.214511
NaPH6,2.04,118.8,0.75,8.9226,doi.org/10.1103/PhysRevB.107.214511
NaPH6,2.04,96.3,0.75,8.9226,doi.org/10.1103/PhysRevB.107.214511
NaPH6,2.04,196.1,0.75,8.9226,doi.org/10.1103/PhysRevB.107.214511
NaPH6,2.04,201.4,0.75,8.9226,doi.org/10.1103/PhysRevB.107.214511
NaPH6,2.04,95.9,0.75,8.9226,doi.org/10.1103/PhysRevB.107.214511
NaPH6,2.04,145.2,0.75,8.9226,doi.org/10.1103/PhysRevB.107.214511
NaPH6,2.04,85.1,0.75,8.9226,doi.org/10.1103/PhysRevB.107.214511
NaPH8,2.072,55.9,0.8,6.692,doi.org/10.1103/PhysRevB.107.214511
NaPH8,2.072,67.8,0.8,6.692,doi.org/10.1103/PhysRevB.107.214511
NaS7H24,1.9341,191,0.75,7.9774,doi.org/10.1103/PhysRevResearch.3.043102
NaS7H24,1.9341,152,0.75,7.9774,doi.org/10.1103/PhysRevResearch.3.043102
NaSbH6,2.0225,94,0.75,23.9335,doi.org/10.1016/j.mtphys.2023.101086
NaSbH6,2.0225,65,0.75,23.9335,doi.org/10.1016/j.mtphys.2023.101086
NbSH,2.1267,6.1,0.3333,123.9742,doi.org/10.3390/molecules28145522
NdSiH7,2.0489,65.9,0.7778,24.4225,doi.org/10.1103/PhysRevB.110.024513
NSiH11,2.2415,110,0.8462,3.7963,doi.org/10.1016/j.ssc.2021.114260
O3Nb3H,2.4743,9,0.1429,324.122,doi.org/10.1103/PhysRevLett.132.166001
Os3TaH,2.06,6,0.2,745.6746,doi.org/10.1103/PhysRevLett.132.166001
P5S3H24,2.2341,116,0.75,10.3774,doi.org/10.1016/j.physc.2018.09.004
P5S3H24,2.2341,57,0.75,10.3774,doi.org/10.1016/j.physc.2018.09.004
Pb2InH12,2.1893,70,0.8,43.7517,doi.org/10.1007/s10853-023-08264-2
Pb2SbH12,2.2073,66,0.8,44.3254,doi.org/10.1007/s10853-023-08264-2
Pb2SnH12,2.2013,69,0.8,44.0732,doi.org/10.1007/s10853-023-08264-2
PbC2H8,2.2755,42.6,0.7273,28.6734,doi.org/10.1038/s41524-024-01490-5
PbC2H8,2.2755,53.6,0.7273,28.6734,doi.org/10.1038/s41524-024-01490-5
PbHf3H,1.686,9,0.2,736.7758,doi.org/10.1103/PhysRevLett.132.166001
PbHgH3,2.186,25.8,0.6,134.8512,doi.org/10.1002/adfm.202404043
PbOsH3,2.226,23.2,0.6,131.4253,doi.org/10.1002/adfm.202404043
Pd3MgH,2.022,7,0.2,340.8383,doi.org/10.1103/PhysRevLett.132.166001
PdCuH2,2.125,45,0.5,84.3085,doi.org/10.1063/5.0076728
PdKH3,1.924,65,0.6,48.121,doi.org/10.1103/PhysRevLett.132.166001
PdNaH3,1.946,0.639,0.6,42.7943,doi.org/10.1103/PhysRevLett.132.166001
PoC2H8,2.2455,23.1,0.7273,28.8966,doi.org/10.1038/s41524-024-01490-5
PoC2H8,2.2455,59.7,0.7273,28.8966,doi.org/10.1038/s41524-024-01490-5
PrBeH8,2.03,11,0.8,18.5915,doi.org/10.1088/1361-648X/ac9bba
PrSiH7,2.0478,63.9,0.7778,23.9505,doi.org/10.1103/PhysRevB.110.024513
PS15H45,2.2038,262,0.7377,10.9495,doi.org/10.1103/PhysRevResearch.3.043102
PS15H45,2.2038,244,0.7377,10.9495,doi.org/10.1103/PhysRevResearch.3.043102
PS7H24,2.2828,190,0.75,10.557,doi.org/10.1016/j.physc.2018.09.004
PS7H24,2.2097,238,0.75,10.2876,doi.org/10.1103/PhysRevResearch.3.043102
PS7H24,2.2828,146,0.75,10.557,doi.org/10.1016/j.physc.2018.09.004
PS7H24,2.2097,224,0.75,10.2876,doi.org/10.1103/PhysRevResearch.3.043102
PSH6,2.2463,146.53,0.75,10.4223,doi.org/10.1007/s11467-022-1227-5
PSH6,2.2463,136.88,0.75,10.4223,doi.org/10.1007/s11467-022-1227-5
PSH6,2.2463,157,0.75,10.4223,doi.org/10.1016/j.physc.2018.09.004
PSH6,2.2463,112.13,0.75,10.4223,doi.org/10.1007/s11467-022-1227-5
PSH6,2.2463,106,0.75,10.4223,doi.org/10.1016/j.physc.2018.09.004
PtKH3,1.94,25,0.6,77.4398,doi.org/10.1103/PhysRevLett.132.166001
Rb2MgH16,2.0079,130,0.8421,12.1057,doi.org/10.1103/PhysRevMaterials.6.034801
Rb2MgH18,2.0262,278,0.8571,10.7606,doi.org/10.1039/D3TC02427J
Rb2MgH18,2.0262,278,0.8571,10.7606,doi.org/10.1039/D3TC02427J
Rb2MgH18,2.0262,262,0.8571,10.7606,doi.org/10.1039/D3TC02427J
RbAlH3,1.806,86,0.6,37.1858,doi.org/10.1002/advs.202408370
RbB2H8,2.0455,100,0.7273,13.2798,doi.org/10.1103/PhysRevB.105.224107
RbB2H8,2.0455,133.9,0.7273,13.2798,doi.org/10.1016/j.mtphys.2024.101443
RbB2H8,2.0455,105,0.7273,13.2798,doi.org/10.1103/PhysRevB.105.224107
RbB2H8,2.0455,89.1,0.7273,13.2798,doi.org/10.1016/j.mtphys.2024.101443
RbB2H8,2.0455,70,0.7273,13.2798,doi.org/10.1103/PhysRevB.105.224107
RbB2H8,2.0455,73.6,0.7273,13.2798,doi.org/10.1016/j.mtphys.2024.101443
RbB2H8,2.0455,60,0.7273,13.2798,doi.org/10.1103/PhysRevB.105.224107
RbB2H8,2.0455,79.9,0.7273,13.2798,doi.org/10.1016/j.mtphys.2024.101443
RbB2H8,2.0455,110.3,0.7273,13.2798,doi.org/10.1016/j.mtphys.2024.101443
RbC2H8,2.1382,2.5,0.7273,13.5776,doi.org/10.1016/j.mtphys.2024.101443
RbC2H8,2.1382,3.29,0.7273,13.5776,doi.org/10.1088/1674-1056/ad7c31
RbC2H8,2.1382,4.9,0.7273,13.5776,doi.org/10.1016/j.mtphys.2024.101443
RbC2H8,2.1382,27.2,0.7273,13.5776,doi.org/10.1016/j.mtphys.2024.101443
RbC2H8,2.1382,6,0.7273,13.5776,doi.org/10.1016/j.mtphys.2024.101443
RbGaH3,1.846,127,0.6,51.3198,doi.org/10.1002/advs.202408370
RbInH3,1.84,130,0.6,66.2328,doi.org/10.1002/advs.202408370
RbSH3,2,52.8,0.6,38.8651,doi.org/10.1016/j.cjph.2024.02.025
RbSH3,2,29.1,0.6,38.8651,doi.org/10.1016/j.cjph.2024.02.025
RbTlH3,1.808,170,0.6,95.8492,doi.org/10.1002/advs.202408370
RbTlH3,1.808,132,0.6,95.8492,doi.org/10.1002/advs.202408370
RbTlH3,1.808,81,0.6,95.8492,doi.org/10.1002/advs.202408370
Rh3AlH,2.13,4,0.2,333.0476,doi.org/10.1103/PhysRevLett.132.166001
S2BrH9,2.3267,67,0.75,15.8757,doi.org/10.1007/s11433-023-2185-1
S2ClH9,2.3433,63,0.75,10.9755,doi.org/10.1007/s11433-023-2185-1
S2FH9,2.4117,2,0.75,9.1623,doi.org/10.1007/s11433-023-2185-1
S2FH9,2.4117,104,0.75,9.1623,doi.org/10.1007/s11433-023-2185-1
S2PH,2.3875,21,0.25,94.3393,doi.org/10.1021/acs.jpcc.1c10976
S3C2H4,2.4044,47,0.4444,29.812,doi.org/10.1103/PhysRevB.105.L020510
S3PH,2.426,8.7,0.2,126.1448,doi.org/10.1021/acs.jpcc.1c10976
S3PH12,2.2706,27.3,0.75,10.5121,doi.org/10.1021/acs.jpcc.1c10976
S3PH12,2.2706,92.6,0.75,10.5121,doi.org/10.1021/acs.jpcc.1c10976
S3PH12,2.2706,33,0.75,10.5121,doi.org/10.1016/j.commatsci.2021.110282
S3PH12,2.2706,33.8,0.75,10.5121,doi.org/10.1016/j.commatsci.2021.110282
S3PH12,2.2706,39,0.75,10.5121,doi.org/10.1016/j.commatsci.2021.110282
S3Se2H15,2.292,84,0.75,16.807,doi.org/10.1103/PhysRevB.99.060102
S4PH15,2.2755,145.9,0.75,10.53,doi.org/10.1021/acs.jpcc.1c10976
S4PH15,2.2755,171.6,0.75,10.53,doi.org/10.1021/acs.jpcc.1c10976
S7PH24,2.2828,59.4,0.75,10.557,doi.org/10.1021/acs.jpcc.1c10976
S7PH24,2.2828,147.6,0.75,10.557,doi.org/10.1021/acs.jpcc.1c10976
S7PH24,2.2828,257.5,0.75,10.557,doi.org/10.1021/acs.jpcc.1c10976
SArH3,2.476,48.7,0.6,23.8122,doi.org/10.1016/j.jallcom.2024.173911
SArH3,2.476,68,0.6,23.8122,doi.org/10.1016/j.jallcom.2024.173911
SAsH6,2.245,107,0.75,17.6888,doi.org/10.1039/D4CP04217D
SbC2H8,2.25,39.1,0.7273,18.0781,doi.org/10.1038/s41524-024-01490-5
SbC2H8,2.25,73,0.7273,18.0781,doi.org/10.1038/s41524-024-01490-5
SBH7,2.2244,109,0.7778,6.0757,doi.org/10.1021/acs.jpcc.3c05265
SBH7,2.2244,133.3,0.7778,6.0757,doi.org/10.1021/acs.jpcc.3c05265
SBH7,2.2244,98.7,0.7778,6.0757,doi.org/10.1021/acs.jpcc.3c05265
SBH7,2.2244,120.5,0.7778,6.0757,doi.org/10.1021/acs.jpcc.3c05265
SBH7,2.2244,116.8,0.7778,6.0757,doi.org/10.1021/acs.jpcc.3c05265
SBH7,2.2244,121.2,0.7778,6.0757,doi.org/10.1021/acs.jpcc.3c05265
SBrH6,2.3425,23,0.75,18.5126,doi.org/10.1007/s11433-023-2185-1
SBrH6,2.3425,16,0.75,18.5126,doi.org/10.1007/s11433-023-2185-1
SBrH6,2.3425,125,0.75,18.5126,doi.org/10.1103/PhysRevB.105.L180508
SBrH6,2.3425,136,0.75,18.5126,doi.org/10.1103/PhysRevB.105.L180508
SBrH6,2.3425,173.9,0.75,18.5126,doi.org/10.1007/s10948-021-06061-z
SBrH6,2.3425,99,0.75,18.5126,doi.org/10.1039/D4CP04217D
SBrH6,2.3425,61,0.75,18.5126,doi.org/10.1039/D4CP04217D
SBrH6,2.3425,9.5,0.75,18.5126,doi.org/10.1039/D4CP04217D
SBrH6,2.3425,63,0.75,18.5126,doi.org/10.1103/PhysRevB.105.L180508
SBrH6,2.3425,10,0.75,18.5126,doi.org/10.1007/s11433-023-2185-1
SBrH6,2.3425,130,0.75,18.5126,doi.org/10.1007/s10948-021-06061-z
Sc2LuH18,2.0757,239,0.8571,14.5989,doi.org/10.34133/2022/9784309
Sc2YbH18,2.0657,196,0.8571,14.4931,doi.org/10.34133/2022/9784309
Sc3LuH24,2.0768,250,0.8571,12.8075,doi.org/10.34133/2022/9784309
Sc3YbH24,2.0693,203,0.8571,12.7281,doi.org/10.34133/2022/9784309
ScC2H8,2.1873,45.9,0.7273,8.5538,doi.org/10.1016/j.mtphys.2024.101443
ScC2H8,2.1873,49,0.7273,8.5538,doi.org/10.1021/acs.jpcc.4c00100
ScC2H8,2.1873,52.5,0.7273,8.5538,doi.org/10.1021/acs.jpcc.4c00100
ScC2H8,2.1873,56,0.7273,8.5538,doi.org/10.1016/j.mtphys.2024.101443
ScC2H8,2.1873,57,0.7273,8.5538,doi.org/10.1021/acs.jpcc.4c00100
ScCaH10,2.03,68,0.8333,5.4597,doi.org/10.1039/D1TC00634G
ScCaH12,2.0543,175,0.8571,4.5498,doi.org/10.1039/D1TC00634G
ScCaH12,2.0543,182,0.8571,4.5498,doi.org/10.1039/D1TC00634G
ScCaH12,2.0543,193,0.8571,4.5498,doi.org/10.1039/D1TC00634G
ScCaH2,1.69,31,0.5,27.2986,doi.org/10.1039/D1TC00634G
ScCaH4,1.86,15,0.6667,13.6493,doi.org/10.1039/D1TC00634G
ScCaH4,1.86,2.4,0.6667,13.6493,doi.org/10.1039/D1TC00634G
ScCaH6,1.945,57.3,0.75,9.0995,doi.org/10.1039/D1TC00634G
ScCaH8,1.996,130,0.8,6.8247,doi.org/10.1039/D1TC00634G
ScCaH8,1.996,212,0.8,6.8247,doi.org/10.1039/D1TC00634G
ScCaH8,1.996,173,0.8,6.8247,doi.org/10.1039/D1TC00634G
SCH2,2.3825,16,0.5,21.8606,doi.org/10.1103/PhysRevB.105.L020510
ScHfH12,2.0757,201.7,0.8571,18.4727,doi.org/10.1016/j.mtphys.2023.101233
ScHfH12,2.0757,201.7,0.8571,18.4727,doi.org/10.1016/j.mtphys.2023.101233
SClH6,2.3675,37,0.75,11.1624,doi.org/10.1007/s11433-023-2185-1
SClH6,2.3675,155.4,0.75,11.1624,doi.org/10.1103/PhysRevB.105.L180508
SClH6,2.3675,26,0.75,11.1624,doi.org/10.1007/s11433-023-2185-1
SClH6,2.3675,138,0.75,11.1624,doi.org/10.1103/PhysRevB.105.L180508
SClH6,2.3675,91,0.75,11.1624,doi.org/10.1039/D4CP04217D
SClH6,2.3675,107,0.75,11.1624,doi.org/10.1103/PhysRevB.105.L180508
SClH6,2.3675,60,0.75,11.1624,doi.org/10.1039/D4CP04217D
SClH6,2.3675,19,0.75,11.1624,doi.org/10.1039/D4CP04217D
SClH6,2.3675,83,0.75,11.1624,doi.org/10.1103/PhysRevB.105.L180508
SClH6,2.3675,19,0.75,11.1624,doi.org/10.1007/s11433-023-2185-1
ScLu2H18,2.0714,247,0.8571,21.7646,doi.org/10.34133/2022/9784309
ScLu3H24,2.0704,271,0.8571,23.556,doi.org/10.34133/2022/9784309
ScLuH12,2.0736,266,0.8571,18.1817,doi.org/10.34133/2022/9784309
ScLuH12,2.0736,231.4,0.8571,18.1817,doi.org/10.1002/pssb.202400240
ScLuH12,2.0736,287.5,0.8571,18.1817,doi.org/10.1002/pssb.202400240
ScNbH12,2.0971,149.3,0.8571,11.3973,doi.org/10.1016/j.mtphys.2023.101233
ScNH,2.2,39,0.3333,58.495,doi.org/10.1103/PhysRevLett.132.166001
ScSiH6,2.0575,106,0.75,12.0769,doi.org/10.1016/j.mtphys.2023.101086
ScSiH6,2.0575,67,0.75,12.0769,doi.org/10.1016/j.mtphys.2023.101086
ScYb2H18,2.0514,160,0.8571,21.5529,doi.org/10.34133/2022/9784309
ScYb3H24,2.0479,150,0.8571,23.3179,doi.org/10.34133/2022/9784309
ScYbH12,2.0586,205.4,0.8571,18.023,doi.org/10.1002/pssb.202400240
ScYbH12,2.0586,191,0.8571,18.023,doi.org/10.34133/2022/9784309
ScYH12,2.07,127,0.8571,11.0666,doi.org/10.1016/j.jallcom.2021.163524
ScYH6,1.9725,32.1,0.75,22.1333,doi.org/10.1002/qua.26459
ScYH6,1.9725,38.6,0.75,22.1333,doi.org/10.1002/qua.26459
ScYH6,1.9725,44.5,0.75,22.1333,doi.org/10.1002/qua.26459
ScYH6,1.9725,49.4,0.75,22.1333,doi.org/10.1002/qua.26459
ScYH6,1.9725,52.9,0.75,22.1333,doi.org/10.1002/qua.26459
ScZrH12,2.0779,207.9,0.8571,11.2583,doi.org/10.1016/j.mtphys.2023.101233
ScZrH12,2.0779,199.3,0.8571,11.2583,doi.org/10.1016/j.mtphys.2023.101233
SFH6,2.47,121,0.75,8.4425,doi.org/10.1007/s11433-023-2185-1
SFH6,2.47,110,0.75,8.4425,doi.org/10.1007/s11433-023-2185-1
SFH6,2.47,103,0.75,8.4425,doi.org/10.1007/s11433-023-2185-1
SIH6,2.305,7,0.75,26.2831,doi.org/10.1039/D4CP04217D
SiS7H24,2.1463,225,0.75,9.4517,doi.org/10.1103/PhysRevResearch.3.043102
SiS7H24,2.1463,205,0.75,9.4517,doi.org/10.1103/PhysRevResearch.3.043102
SKrH3,2.436,123,0.6,38.3128,doi.org/10.1016/j.jallcom.2024.173911
SLaH2,2.02,15,0.5,84.8065,doi.org/10.1039/D3CP03368F
SLaH2,2.02,6.9,0.5,84.8065,doi.org/10.1039/D3CP03368F
SLaH6,2.11,23.6,0.75,28.2688,doi.org/10.1039/D3CP03368F
SnC2H8,2.2418,47.1,0.7273,17.6999,doi.org/10.1038/s41524-024-01490-5
SnC2H8,2.2418,60.5,0.7273,17.6999,doi.org/10.1038/s41524-024-01490-5
SNeH3,2.804,53.4,0.6,17.2751,doi.org/10.1016/j.jallcom.2024.173911
SP2H,2.29,16.3,0.25,93.2619,doi.org/10.1021/acs.jpcc.1c10976
SP2H9,2.23,65.5,0.75,10.3624,doi.org/10.1021/acs.jpcc.1c10976
SPH,2.3233,21.9,0.3333,62.5337,doi.org/10.1021/acs.jpcc.1c10976
SPH2,2.2925,19.5,0.5,31.2669,doi.org/10.1021/acs.jpcc.1c10976
SPH3,2.274,17,0.6,20.8446,doi.org/10.1021/acs.jpcc.1c10976
SPH4,2.2617,63.7,0.6667,15.6334,doi.org/10.1021/acs.jpcc.1c10976
SPH6,2.2463,179,0.75,10.4223,doi.org/10.1039/D4CP04217D
SPH6,2.2463,159.9,0.75,10.4223,doi.org/10.1007/s10948-021-06061-z
SPH6,2.2463,89,0.75,10.4223,doi.org/10.1016/j.commatsci.2021.110282
SPH6,2.2463,81,0.75,10.4223,doi.org/10.1016/j.commatsci.2021.110282
SrBH8,2.059,200,0.8,12.2061,doi.org/10.1103/PhysRevLett.128.047001
SrC2H8,2.15,5.05,0.7273,13.8445,doi.org/10.1088/1674-1056/ad7c31
SrHfH19,2.0976,305,0.9048,13.8946,doi.org/10.1103/PhysRevB.107.L020504
SRnH3,2.356,215,0.6,84.0146,doi.org/10.1016/j.jallcom.2024.173911
SrPH8,2.074,176,0.8,14.7066,doi.org/10.1088/1361-648X/ac9bba
SrSH3,2.026,78.6,0.6,39.5767,doi.org/10.1016/j.cjph.2024.02.025
SrSiH8,2.045,169,0.8,14.3483,doi.org/10.1038/s41524-022-00801-y
SrZrH19,2.099,263,0.9048,9.3381,doi.org/10.1103/PhysRevB.107.L020504
SSbH6,2.2288,115,0.75,25.4332,doi.org/10.1039/D4CP04217D
SSbH6,2.2288,91.1,0.75,25.4332,doi.org/10.1039/D4CP04217D
SSe4H15,2.289,54,0.75,23.0122,doi.org/10.1103/PhysRevB.99.060102
SSeH6,2.2913,181.9,0.75,18.3581,doi.org/10.1007/s10948-021-06061-z
SSnH6,2.2175,79.3,0.75,24.9289,doi.org/10.1039/D4CP04217D
SSnH6,2.2175,94.5,0.75,24.9289,doi.org/10.1039/D4CP04217D
STeH6,2.235,69.2,0.75,26.3988,doi.org/10.1039/D4CP04217D
STeH6,2.235,59.1,0.75,26.3988,doi.org/10.1039/D4CP04217D
Ta3SiH,1.72,0,0.2,566.4038,doi.org/10.1103/PhysRevLett.132.166001
TaLu2H12,2.0293,28,0.8,43.8897,doi.org/10.1103/PhysRevLett.132.166001
TeC2H8,2.2545,19.3,0.7273,18.8023,doi.org/10.1038/s41524-024-01490-5
TeC2H8,2.2545,50,0.7273,18.8023,doi.org/10.1038/s41524-024-01490-5
Th2BH10,2.0492,5.8,0.7692,47.1121,doi.org/10.1016/j.cjph.2024.10.021
ThB3H3,2.0029,22,0.4286,87.457,doi.org/10.1016/j.cjph.2024.10.021
ThBeH6,2.0088,48,0.75,39.8565,doi.org/10.1016/j.fmre.2022.11.010
ThBeH6,2.0088,48,0.75,39.8565,doi.org/10.1016/j.fmre.2022.11.010
ThBeH6,2.0088,31,0.75,39.8565,doi.org/10.1016/j.fmre.2022.11.010
ThBeH6,2.0088,23,0.75,39.8565,doi.org/10.1016/j.fmre.2022.11.010
ThBeH7,2.03,70,0.7778,34.1627,doi.org/10.1088/1361-648X/ac9bba
ThBeH8,2.047,113,0.8,29.8924,doi.org/10.1016/j.fmre.2022.11.010
ThBeH8,2.047,98,0.8,29.8924,doi.org/10.1088/1361-648X/ac9bba
ThBeH8,2.047,53,0.8,29.8924,doi.org/10.1016/j.fmre.2022.11.010
ThBeH8,2.047,27,0.8,29.8924,doi.org/10.1016/j.fmre.2022.11.010
ThBH,1.8467,0.1,0.3333,240.9226,doi.org/10.1016/j.cjph.2024.10.021
ThBH3,1.988,19.3,0.6,80.3075,doi.org/10.1016/j.cjph.2024.10.021
ThBH3,1.988,3.1,0.6,80.3075,doi.org/10.1016/j.cjph.2024.10.021
ThBH4,2.0233,29.7,0.6667,60.2307,doi.org/10.1016/j.cjph.2024.10.021
ThBH5,2.0486,46.7,0.7143,48.1845,doi.org/10.1016/j.cjph.2024.10.021
ThBH7,2.0822,51,0.7778,18.6862,doi.org/10.1103/PhysRevB.110.064105
ThBH7,2.0822,40,0.7778,34.4175,doi.org/10.1016/j.cjph.2024.10.021
ThBH8,2.094,155,0.8,30.1153,doi.org/10.1016/j.fmre.2022.11.010
ThNb2H12,2.06,24.7,0.8,34.5446,doi.org/10.1016/j.jpcs.2022.111193
ThNb2H12,2.06,5,0.8,34.5446,doi.org/10.1016/j.jpcs.2022.111193
ThSiH7,2.0667,61.5,0.7778,36.8658,doi.org/10.1103/PhysRevB.110.024513
TiBH2,1.995,48.6,0.5,29.1057,doi.org/10.1016/j.mtphys.2022.100954
TiMg3H,1.534,21.8,0.2,119.8234,doi.org/10.1002/adfm.202404043
TiPH,1.9767,0,0.3333,78.2153,doi.org/10.1016/j.physleta.2019.126189
TiPH2,2.0325,0.91,0.5,39.1076,doi.org/10.1016/j.physleta.2019.126189
TiPH3,2.066,28.66,0.6,26.0718,doi.org/10.1016/j.physleta.2019.126189
TiPH4,2.0883,47.72,0.6667,19.5538,doi.org/10.1016/j.physleta.2019.126189
TiPH4,2.0883,34.65,0.6667,19.5538,doi.org/10.1016/j.physleta.2019.126189
TiPH4,2.0883,55.06,0.6667,19.5538,doi.org/10.1016/j.physleta.2019.126189
TiPH4,2.0883,49.2,0.6667,19.5538,doi.org/10.1016/j.physleta.2019.126189
TiPH5,2.1043,117.25,0.7143,15.6431,doi.org/10.1016/j.physleta.2019.126189
TiPH6,2.1163,33.59,0.75,13.0359,doi.org/10.1016/j.physleta.2019.126189
TiPH7,2.1256,42.88,0.7778,11.1736,doi.org/10.1016/j.physleta.2019.126189
TiPH8,2.133,56.8,0.8,9.7769,doi.org/10.1016/j.physleta.2019.126189
TiSH,2.1067,48,0.3333,79.2927,doi.org/10.1103/PhysRevB.109.174516
TiSH,2.1067,9.24,0.3333,79.2927,doi.org/10.1088/1361-648X/ad44fd
TlC2H8,2.2109,15.3,0.7273,28.3237,doi.org/10.1038/s41524-024-01490-5
TlC2H8,2.2109,26.5,0.7273,28.3237,doi.org/10.1038/s41524-024-01490-5
TlC2H8,2.2109,30,0.7273,28.3237,doi.org/10.1038/s41524-024-01490-5
TlHf3H,1.544,2,0.2,733.9782,doi.org/10.1103/PhysRevLett.132.166001
TlN2H8,2.3,27,0.7273,28.8187,doi.org/10.1063/5.0127365
TlN2H8,2.3,69,0.7273,28.8187,doi.org/10.1063/5.0127365
TlSH3,2.16,96.7,0.6,78.1878,doi.org/10.1016/j.cjph.2024.02.025
TlSH3,2.16,81.1,0.6,78.1878,doi.org/10.1016/j.cjph.2024.02.025
W2B2H,2.2,18.67,0.2,386.2103,doi.org/10.1103/PhysRevMaterials.7.114802
WSH,2.38,23.1,0.3333,214.1865,doi.org/10.1007/s10948-024-06720-x
WSH,2.38,12.2,0.3333,214.1865,doi.org/10.1088/2053-1583/ad2523
XeSH3,2.356,178,0.6,54.0179,doi.org/10.1016/j.jallcom.2024.173911
XeSH3,2.356,89,0.6,54.0179,doi.org/10.1007/s11467-018-0818-7
Y2LuH18,2.0624,240,0.8571,19.4435,doi.org/10.34133/2022/9784309
Y2ThH12,2.0093,27,0.8,33.8833,doi.org/10.1021/acsomega.4c07199
Y2ThH12,2.0093,16,0.8,33.8833,doi.org/10.1021/acsomega.4c07199
Y2ThH18,2.0638,211,0.8571,22.5888,doi.org/10.1103/PhysRevB.109.224505
Y2YbH18,2.0524,221,0.8571,19.3376,doi.org/10.34133/2022/9784309
Y2ZrH18,2.0652,169.7,0.8571,14.8278,doi.org/10.1039/D2CP05850B
Y3CaH24,2.0521,242,0.8571,12.6817,doi.org/10.1103/PhysRevB.106.014521
Y3LuH24,2.0618,283,0.8571,18.2576,doi.org/10.34133/2022/9784309
Y3YbH24,2.0543,222,0.8571,18.1782,doi.org/10.34133/2022/9784309
Y3ZrH24,2.0639,184.92,0.8571,14.7959,doi.org/10.1039/D2CP05850B
Yb2LuH18,2.0471,182,0.8571,28.7186,doi.org/10.34133/2022/9784309
Yb3LuH24,2.0446,162,0.8571,28.6921,doi.org/10.34133/2022/9784309
YBaH8,1.971,49.6,0.8,28.0551,doi.org/10.1016/j.physleta.2020.127109
YBaH8,1.971,89.4,0.8,28.0547,doi.org/10.1016/j.physleta.2020.127109
YBeH8,2.039,3,0.8,12.1426,doi.org/10.1063/5.0195828
YBeH8,2.039,200,0.8,12.1426,doi.org/10.1063/5.0195828
YBeH8,2.039,249,0.8,12.1426,doi.org/10.1103/PhysRevLett.128.047001
YBeH8,2.039,200,0.8,12.1426,doi.org/10.1063/5.0195828
YBeH8,2.039,200,0.8,12.1426,doi.org/10.1063/5.0195828
YBeH8,2.039,40,0.8,12.1426,doi.org/10.1063/5.0195828
YBeH8,2.039,199,0.8,12.1426,doi.org/10.1063/5.0195828
YBeH8,2.039,198,0.8,12.1426,doi.org/10.1063/5.0195828
YBeH8,2.039,70,0.8,12.1426,doi.org/10.1063/5.0195828
YbLu2H18,2.0571,212,0.8571,28.8244,doi.org/10.34133/2022/9784309
YbLu3H24,2.0596,222,0.8571,28.8509,doi.org/10.34133/2022/9784309
YbLuH12,2.0521,198,0.8571,28.7715,doi.org/10.34133/2022/9784309
YbTmH12,2.0507,48,0.8571,28.2722,doi.org/10.1038/s41598-024-61400-z
YC2H8,2.1745,58.1,0.7273,14.004,doi.org/10.1016/j.mtphys.2024.101443
YC2H8,2.1745,61,0.7273,14.004,doi.org/10.1002/anie.202207589
YC2H8,2.1745,72.2,0.7273,14.004,doi.org/10.1016/j.mtphys.2024.101443
YC2H8,2.1745,53.4,0.7273,14.004,doi.org/10.1016/j.mtphys.2024.101443
YC2H8,2.1745,39.6,0.7273,14.004,doi.org/10.1016/j.mtphys.2024.101443
YCa2H18,2.039,190,0.8571,9.3178,doi.org/10.1103/PhysRevB.106.014521
YCa3H24,2.0364,190,0.8571,8.645,doi.org/10.1103/PhysRevB.106.014521
YCaH12,2.0443,229.9,0.8571,10.6634,doi.org/10.1088/1361-648X/ab09b4
YCaH12,2.0443,222,0.8571,10.6634,doi.org/10.1088/1361-648X/ab09b4
YCaH12,2.0443,210.8,0.8571,10.6634,doi.org/10.1088/1361-648X/ab09b4
YCaH20,2.1009,240,0.9091,6.398,doi.org/10.1103/PhysRevB.106.014521
YCeH12,2.0529,161.1,0.8571,18.9337,doi.org/10.1016/j.mtphys.2023.101233
YCeH12,2.0529,151.2,0.8571,18.9337,doi.org/10.1016/j.mtphys.2023.101233
YCeH12,2.0529,144.9,0.8571,18.9337,doi.org/10.1016/j.mtphys.2023.101233
YCeH18,2.097,173.8,0.9,12.6227,doi.org/10.1016/j.mtphys.2022.100873
YCeH18,2.097,110,0.9,12.6227,doi.org/10.1016/j.mtphys.2022.100873
YCeH20,2.1064,122.1,0.9091,11.3604,doi.org/10.1016/j.mtphys.2022.100873
YCeH8,1.994,4.8,0.8,28.401,doi.org/10.1016/j.mtphys.2022.100873
YCH12,2.155,112,0.8571,8.343,doi.org/10.1039/D2TC04029H
YHfH12,2.0657,219.4,0.8571,22.1062,doi.org/10.1016/j.mtphys.2023.101233
YHfH18,2.106,130,0.9,14.7374,doi.org/10.1038/s41598-024-68697-w
YHfH6,1.965,3,0.75,44.2123,doi.org/10.1038/s41598-024-68697-w
YHfH7,1.9911,3,0.7778,37.8963,doi.org/10.1038/s41598-024-68697-w
YHfH8,2.012,47,0.8,33.1592,doi.org/10.1038/s41598-024-68697-w
YLu2H18,2.0648,242,0.8571,24.1868,doi.org/10.34133/2022/9784309
YLu3H24,2.0654,288,0.8571,25.3727,doi.org/10.34133/2022/9784309
YLuH12,2.0636,275,0.8571,21.8151,doi.org/10.34133/2022/9784309
YLuH12,2.0636,246.9,0.8571,21.8151,doi.org/10.1002/pssb.202400240
YMgH12,2.0664,190,0.8571,9.3594,doi.org/10.1002/adts.202100364
YMgH12,2.0664,153,0.8571,9.3594,doi.org/10.1002/adts.202100364
YMgH2,1.7325,2,0.5,56.1563,doi.org/10.1002/adts.202100364
YMgH3,1.826,0,0.6,37.4375,doi.org/10.1002/adts.202100364
YMgH5,1.9329,0,0.7143,22.4625,doi.org/10.1002/adts.202100364
YMgH5,1.9329,6,0.7143,22.4625,doi.org/10.1002/adts.202100364
YMgH6,1.9663,31,0.75,18.7188,doi.org/10.1002/adts.202100364
YMgH6,1.9663,75,0.75,18.7188,doi.org/10.1002/adts.202100364
YMgH8,2.013,125,0.8,14.0391,doi.org/10.1002/adts.202100364
YPrH18,2.0975,41,0.9,12.6661,doi.org/10.1021/acs.jpcc.3c02968
YPrH18,2.0975,29,0.9,12.6661,doi.org/10.1021/acs.jpcc.3c02968
YPrH18,2.0975,46,0.9,12.6661,doi.org/10.1021/acs.jpcc.3c02968
YPrH18,2.0975,46,0.9,12.6661,doi.org/10.1021/acs.jpcc.3c02968
YPrH8,1.995,0,0.8,28.4988,doi.org/10.1021/acs.jpcc.3c02968
YPrH8,1.995,0,0.8,28.4988,doi.org/10.1021/acs.jpcc.3c02968
YScH10,2.0483,116,0.8333,13.28,doi.org/10.1103/PhysRevB.109.054512
YScH12,2.07,179,0.8571,11.0666,doi.org/10.1103/PhysRevB.109.054512
YScH6,1.9725,66.5,0.75,22.1333,doi.org/10.1103/PhysRevB.109.054512
YScH8,2.018,110.2,0.8,16.6,doi.org/10.1103/PhysRevB.109.054512
YSH,2,0,0.3333,120.006,doi.org/10.1021/acsomega.9b02094
YSH2,2.05,0.01,0.5,60.003,doi.org/10.1021/acsomega.9b02094
YSH5,2.1143,0.7,0.7143,24.0012,doi.org/10.1021/acsomega.9b02094
YSH6,2.125,91,0.75,20.001,doi.org/10.1103/PhysRevB.100.184502
YSH6,2.125,61,0.75,20.001,doi.org/10.1103/PhysRevB.100.184502
YTh2H18,2.0291,211,0.8182,35.3776,doi.org/10.1103/PhysRevB.109.224505
YThH12,2.0657,208,0.8571,26.5332,doi.org/10.1103/PhysRevB.109.224505
YThH12,2.0657,230.2,0.8571,26.5331,doi.org/10.1016/j.mtphys.2023.101233
YThH12,2.0657,215.3,0.8571,26.5331,doi.org/10.1016/j.mtphys.2023.101233
YThH18,2.106,222,0.9,17.6888,doi.org/10.1021/acsomega.4c07199
YThH8,2.012,17,0.8,39.7999,doi.org/10.1021/acsomega.4c07199
YThH8,2.012,6,0.8,39.7999,doi.org/10.1021/acsomega.4c07199
YTmH12,2.0621,46,0.8571,21.3158,doi.org/10.1038/s41598-024-61400-z
YYb2H18,2.0448,172,0.8571,23.9752,doi.org/10.34133/2022/9784309
YYb3H24,2.0429,148,0.8571,25.1346,doi.org/10.34133/2022/9784309
YYbH12,2.0486,178,0.8571,21.6564,doi.org/10.34133/2022/9784309
YYbH12,2.0486,222.8,0.8571,21.6564,doi.org/10.1002/pssb.202400240
YZr2H18,2.0705,136.68,0.8571,14.9556,doi.org/10.1039/D2CP05850B
YZr3H16,2.0205,38.59,0.8,22.4813,doi.org/10.1039/D2CP05850B
YZr3H24,2.0718,130.52,0.8571,14.9875,doi.org/10.1039/D2CP05850B
YZr3H24,2.0718,129.81,0.8571,14.9875,doi.org/10.1039/D2CP05850B
YZr3H24,2.0718,127.57,0.8571,14.9875,doi.org/10.1039/D2CP05850B
YZrH12,2.0679,182.67,0.8571,14.8917,doi.org/10.1039/D2CP05850B
YZrH12,2.0679,174.56,0.8571,14.8917,doi.org/10.1039/D2CP05850B
YZrH12,2.0679,162.93,0.8571,14.8917,doi.org/10.1039/D2CP05850B
YZrH18,2.1075,156.23,0.9,9.9278,doi.org/10.1039/D2CP05850B
YZrH6,1.9688,16.3,0.75,29.7834,doi.org/10.1039/D2CP05850B
YZrH8,2.015,69.88,0.8,22.3375,doi.org/10.1039/D2CP05850B
ZnN2H8,2.3027,0.326,0.7273,11.5816,doi.org/10.1063/5.0127365
ZnN2H8,2.3027,37.89,0.7273,11.5816,doi.org/10.1063/5.0127365
Zr2HfH8,1.96,25.1,0.7273,44.7592,doi.org/10.1002/adfm.202404043
Zr3NH3,1.9471,13,0.4286,95.1319,doi.org/10.1103/PhysRevLett.132.166001
